2025-11-19 10:08:33.162+0000 INFO  [o.n.g.f.m.GlobalModule] Logging config in use: File '/var/lib/neo4j/conf/server-logs.xml'
2025-11-19 10:08:33.357+0000 INFO  [o.n.i.d.DiagnosticsManager] 
                                                                ********************************************************************************
                                                                                             [ System diagnostics ]                             
                                                                ********************************************************************************
                                                                --------------------------------------------------------------------------------
                                                                                         [ System memory information ]                          
                                                                --------------------------------------------------------------------------------
                                                                Total Physical memory: 3.828GiB
                                                                Free Physical memory: 1.635GiB
                                                                Committed virtual memory: 5.840GiB
                                                                Total swap space: 1024MiB
                                                                Free swap space: 1024MiB
                                                                
                                                                --------------------------------------------------------------------------------
                                                                                           [ JVM memory information ]                           
                                                                --------------------------------------------------------------------------------
                                                                Free  memory: 987.6MiB
                                                                Total memory: 1.000GiB
                                                                Max   memory: 2.000GiB
                                                                Garbage Collector: G1 Young Generation: [G1 Eden Space, G1 Survivor Space, G1 Old Gen]
                                                                Garbage Collector: G1 Old Generation: [G1 Eden Space, G1 Survivor Space, G1 Old Gen]
                                                                Memory Pool: CodeHeap 'non-nmethods' (Non-heap memory): committed=2.438MiB, used=1.209MiB, max=5.570MiB, threshold=0B
                                                                Memory Pool: Metaspace (Non-heap memory): committed=22.19MiB, used=21.84MiB, max=-1B, threshold=0B
                                                                Memory Pool: CodeHeap 'profiled nmethods' (Non-heap memory): committed=5.750MiB, used=5.736MiB, max=117.2MiB, threshold=0B
                                                                Memory Pool: Compressed Class Space (Non-heap memory): committed=2.563MiB, used=2.387MiB, max=1.000GiB, threshold=0B
                                                                Memory Pool: G1 Eden Space (Heap memory): committed=643.0MiB, used=5.000MiB, max=-1B, threshold=?
                                                                Memory Pool: G1 Old Gen (Heap memory): committed=379.0MiB, used=29.58MiB, max=2.000GiB, threshold=0B
                                                                Memory Pool: G1 Survivor Space (Heap memory): committed=2.000MiB, used=1.796MiB, max=-1B, threshold=?
                                                                Memory Pool: CodeHeap 'non-profiled nmethods' (Non-heap memory): committed=2.438MiB, used=1.709MiB, max=117.2MiB, threshold=0B
                                                                
                                                                --------------------------------------------------------------------------------
                                                                                        [ Operating system information ]                        
                                                                --------------------------------------------------------------------------------
                                                                Operating System: Linux; version: 6.10.14-linuxkit; arch: aarch64; cpus: 8
                                                                Max number of file descriptors: 1048576
                                                                Number of open file descriptors: 241
                                                                Process id: 7
                                                                Byte order: LITTLE_ENDIAN
                                                                Local timezone: Etc/UTC
                                                                Memory page size: 4096
                                                                Unaligned memory access allowed: true
                                                                
                                                                --------------------------------------------------------------------------------
                                                                                              [ JVM information ]                               
                                                                --------------------------------------------------------------------------------
                                                                VM Name: OpenJDK 64-Bit Server VM
                                                                VM Vendor: Eclipse Adoptium
                                                                VM Version: 17.0.11+9
                                                                JIT compiler: HotSpot 64-Bit Tiered Compilers
                                                                VM Arguments: [-XX:+UseG1GC, -XX:-OmitStackTraceInFastThrow, -XX:+AlwaysPreTouch, -XX:+UnlockExperimentalVMOptions, -XX:+TrustFinalNonStaticFields, -XX:+DisableExplicitGC, -Djdk.nio.maxCachedBufferSize=1024, -Dio.netty.tryReflectionSetAccessible=true, -Djdk.tls.ephemeralDHKeySize=2048, -Djdk.tls.rejectClientInitiatedRenegotiation=true, -XX:FlightRecorderOptions=stackdepth=256, -XX:+UnlockDiagnosticVMOptions, -XX:+DebugNonSafepoints, --add-opens=java.base/java.nio=ALL-UNNAMED, --add-opens=java.base/java.io=ALL-UNNAMED, --add-opens=java.base/sun.nio.ch=ALL-UNNAMED, -Dlog4j2.disable.jmx=true, -Dfile.encoding=UTF-8, -Xms1048576k, -Xmx2097152k]
                                                                
                                                                --------------------------------------------------------------------------------
                                                                                               [ Java classpath ]                               
                                                                --------------------------------------------------------------------------------
                                                                 [classpath] /var/lib/neo4j/lib/cypher-ast-factory-5.20.0.jar
                                                                 [classpath] /var/lib/neo4j/lib/neo4j-rewriting-5.20.0.jar
                                                                 [classpath] /var/lib/neo4j/lib/jackson-jaxrs-json-provider-2.17.0.jar
                                                                 [classpath] /var/lib/neo4j/lib/jetty-alpn-server-10.0.20.jar
                                                                 [classpath] /var/lib/neo4j/lib/neo4j-cypher-expression-evaluator-5.20.0.jar
                                                                 [classpath] /var/lib/neo4j/lib/jaxb-runtime-2.3.2.jar
                                                                 [classpath] /var/lib/neo4j/lib/neo4j-lock-5.20.0.jar
                                                                 [classpath] /var/lib/neo4j/lib/neo4j-layout-5.20.0.jar
                                                                 [classpath] /var/lib/neo4j/lib/neo4j-schema-5.20.0.jar
                                                                 [classpath] /var/lib/neo4j/lib/neo4j-kernel-api-5.20.0.jar
                                                                 [classpath] /var/lib/neo4j/lib/neo4j-cypher-dsl-2023.9.5.jar
                                                                 [classpath] /var/lib/neo4j/lib/neo4j-cypher-interpreted-runtime-5.20.0.jar
                                                                 [classpath] /var/lib/neo4j/lib/netty-tcnative-boringssl-static-2.0.65.Final-osx-aarch_64.jar
                                                                 [classpath] /var/lib/neo4j/lib/jersey-container-servlet-2.34.jar
                                                                 [classpath] /var/lib/neo4j/lib/caffeine-3.1.8.jar
                                                                 [classpath] /var/lib/neo4j/lib/magnolia_2.13-1.1.8.jar
                                                                 [classpath] /var/lib/neo4j/lib/scala-library-2.13.11.jar
                                                                 [classpath] /var/lib/neo4j/lib/lucene-core-9.10.0.jar
                                                                 [classpath] /var/lib/neo4j/lib/neo4j-consistency-check-5.20.0.jar
                                                                 [classpath] /var/lib/neo4j/lib/neo4j-cypher-5.20.0.jar
                                                                 [classpath] /var/lib/neo4j/lib/neo4j-push-to-cloud-5.20.0.jar
                                                                 [classpath] /var/lib/neo4j/lib/lucene-analysis-common-9.10.0.jar
                                                                 [classpath] /var/lib/neo4j/lib/jetty-io-10.0.20.jar
                                                                 [classpath] /var/lib/neo4j/lib/jetty-servlet-10.0.20.jar
                                                                 [classpath] /var/lib/neo4j/lib/neo4j-common-5.20.0.jar
                                                                 [classpath] /var/lib/neo4j/conf/*
                                                                 [classpath] /var/lib/neo4j/lib/neo4j-collections-5.20.0.jar
                                                                 [classpath] /var/lib/neo4j/lib/WMI4Java-1.6.3.jar
                                                                 [classpath] /var/lib/neo4j/lib/jakarta.xml.bind-api-2.3.2.jar
                                                                 [classpath] /var/lib/neo4j/lib/jProcesses-1.6.5.jar
                                                                 [classpath] /var/lib/neo4j/lib/jackson-annotations-2.17.0.jar
                                                                 [classpath] /var/lib/neo4j/lib/neo4j-configuration-5.20.0.jar
                                                                 [classpath] /var/lib/neo4j/lib/neo4j-util-5.20.0.jar
                                                                 [classpath] /var/lib/neo4j/lib/hk2-locator-2.6.1.jar
                                                                 [classpath] /var/lib/neo4j/lib/neo4j-index-5.20.0.jar
                                                                 [classpath] /var/lib/neo4j/lib/neo4j-cypher-macros-5.20.0.jar
                                                                 [classpath] /var/lib/neo4j/lib/neo4j-fabric-5.20.0.jar
                                                                 [classpath] /var/lib/neo4j/lib/neo4j-ssl-5.20.0.jar
                                                                 [classpath] /var/lib/neo4j/lib/neo4j-cypher-antlr-parser-5.20.0.jar
                                                                 [classpath] /var/lib/neo4j/lib/commons-io-2.16.0.jar
                                                                 [classpath] /var/lib/neo4j/lib/neo4j-udc-5.20.0.jar
                                                                 [classpath] /var/lib/neo4j/lib/netty-transport-native-epoll-4.1.109.Final-linux-x86_64.jar
                                                                 [classpath] /var/lib/neo4j/lib/eclipse-collections-api-11.1.0.jar
                                                                 [classpath] /var/lib/neo4j/lib/zstd-proxy-5.20.0.jar
                                                                 [classpath] /var/lib/neo4j/lib/jersey-container-servlet-core-2.34.jar
                                                                 [classpath] /var/lib/neo4j/lib/netty-codec-http2-4.1.109.Final.jar
                                                                 [classpath] /var/lib/neo4j/lib/jansi-2.4.0.jar
                                                                 [classpath] /var/lib/neo4j/lib/jetty-xml-10.0.20.jar
                                                                 [classpath] /var/lib/neo4j/lib/zstd-jni-1.5.6-2.jar
                                                                 [classpath] /var/lib/neo4j/lib/netty-transport-4.1.109.Final.jar
                                                                 [classpath] /var/lib/neo4j/lib/jline-terminal-3.21.0.jar
                                                                 [classpath] /var/lib/neo4j/lib/grpc-protobuf-lite-1.62.2.jar
                                                                 [classpath] /var/lib/neo4j/lib/arrow-format-15.0.2.jar
                                                                 [classpath] /var/lib/neo4j/lib/netty-common-4.1.109.Final.jar
                                                                 [classpath] /var/lib/neo4j/lib/neo4j-security-5.20.0.jar
                                                                 [classpath] /var/lib/neo4j/lib/commons-logging-1.3.0.jar
                                                                 [classpath] /var/lib/neo4j/lib/guava-33.1.0-jre.jar
                                                                 [classpath] /var/lib/neo4j/lib/netty-transport-native-kqueue-4.1.109.Final-osx-x86_64.jar
                                                                 [classpath] /var/lib/neo4j/lib/kiama_2.13-2.5.1.jar
                                                                 [classpath] /var/lib/neo4j/lib/jakarta.ws.rs-api-2.1.6.jar
                                                                 [classpath] /var/lib/neo4j/lib/neo4j-notifications-5.20.0.jar
                                                                 [classpath] /var/lib/neo4j/lib/neo4j-cypher-config-5.20.0.jar
                                                                 [classpath] /var/lib/neo4j/lib/commons-compress-1.26.1.jar
                                                                 [classpath] /var/lib/neo4j/lib/neo4j-cypher-physical-planning-5.20.0.jar
                                                                 [classpath] /var/lib/neo4j/lib/neo4j-import-tool-5.20.0.jar
                                                                 [classpath] /var/lib/neo4j/lib/istack-commons-runtime-3.0.8.jar
                                                                 [classpath] /var/lib/neo4j/lib/netty-codec-socks-4.1.109.Final.jar
                                                                 [classpath] /var/lib/neo4j/lib/jetty-servlet-api-4.0.6.jar
                                                                 [classpath] /var/lib/neo4j/lib/eclipse-collections-11.1.0.jar
                                                                 [classpath] /var/lib/neo4j/lib/shiro-cache-2.0.0.jar
                                                                 [classpath] /var/lib/neo4j/lib/neo4j-bootcheck-5.20.0.jar
                                                                 [classpath] /var/lib/neo4j/lib/netty-resolver-4.1.109.Final.jar
                                                                 [classpath] /var/lib/neo4j/lib/neo4j-browser-5.15.0.jar
                                                                 [classpath] /var/lib/neo4j/lib/neo4j-ast-5.20.0.jar
                                                                 [classpath] /var/lib/neo4j/lib/gson-2.10.1.jar
                                                                 [classpath] /var/lib/neo4j/lib/jakarta.validation-api-2.0.2.jar
                                                                 [classpath] /var/lib/neo4j/lib/shiro-crypto-hash-2.0.0.jar
                                                                 [classpath] /var/lib/neo4j/lib/shiro-hashes-argon2-2.0.0.jar
                                                                 [classpath] /var/lib/neo4j/lib/grpc-api-1.62.2.jar
                                                                 [classpath] /var/lib/neo4j/lib/antlr4-runtime-4.13.1.jar
                                                                 [classpath] /var/lib/neo4j/lib/hk2-utils-2.6.1.jar
                                                                 [classpath] /var/lib/neo4j/lib/http2-common-10.0.20.jar
                                                                 [classpath] /var/lib/neo4j/lib/stax-ex-1.8.1.jar
                                                                 [classpath] /var/lib/neo4j/lib/txw2-2.3.2.jar
                                                                 [classpath] /var/lib/neo4j/lib/jetty-webapp-10.0.20.jar
                                                                 [classpath] /var/lib/neo4j/lib/commons-lang3-3.14.0.jar
                                                                 [classpath] /var/lib/neo4j/lib/cypher-shell-5.20.0.jar
                                                                 [classpath] /var/lib/neo4j/lib/netty-tcnative-boringssl-static-2.0.65.Final.jar
                                                                 [classpath] /var/lib/neo4j/lib/log4j-api-2.20.0.jar
                                                                 [classpath] /var/lib/neo4j/lib/grpc-context-1.62.2.jar
                                                                 [classpath] /var/lib/neo4j/lib/ipaddress-5.5.0.jar
                                                                 [classpath] /var/lib/neo4j/lib/neo4j-record-storage-engine-5.20.0.jar
                                                                 [classpath] /var/lib/neo4j/lib/argparse4j-0.9.0.jar
                                                                 [classpath] /var/lib/neo4j/lib/log4j-core-2.20.0.jar
                                                                 [classpath] /var/lib/neo4j/lib/neo4j-cypher-planner-5.20.0.jar
                                                                 [classpath] /var/lib/neo4j/lib/neo4j-logging-5.20.0.jar
                                                                 [classpath] /var/lib/neo4j/lib/jetty-http-10.0.20.jar
                                                                 [classpath] /var/lib/neo4j/lib/neo4j-values-5.20.0.jar
                                                                 [classpath] /var/lib/neo4j/lib/commons-configuration2-2.10.1.jar
                                                                 [classpath] /var/lib/neo4j/lib/jetty-util-10.0.20.jar
                                                                 [classpath] /var/lib/neo4j/lib/neo4j-procedure-api-5.20.0.jar
                                                                 [classpath] /var/lib/neo4j/lib/neo4j-procedure-5.20.0.jar
                                                                 [classpath] /var/lib/neo4j/lib/neo4j-exceptions-5.20.0.jar
                                                                 [classpath] /var/lib/neo4j/lib/jackson-module-jaxb-annotations-2.17.0.jar
                                                                 [classpath] /var/lib/neo4j/lib/jetty-server-10.0.20.jar
                                                                 [classpath] /var/lib/neo4j/lib/arrow-memory-netty-15.0.2.jar
                                                                 [classpath] /var/lib/neo4j/lib/server-api-5.20.0.jar
                                                                 [classpath] /var/lib/neo4j/lib/neo4j-cypher-antlr-parser-listener-5.20.0.jar
                                                                 [classpath] /var/lib/neo4j/lib/cypher-literal-interpreter-5.20.0.jar
                                                                 [classpath] /var/lib/neo4j/lib/netty-transport-native-unix-common-4.1.109.Final.jar
                                                                 [classpath] /var/lib/neo4j/lib/neo4j-command-line-5.20.0.jar
                                                                 [classpath] /var/lib/neo4j/lib/grpc-protobuf-1.62.2.jar
                                                                 [classpath] /var/lib/neo4j/lib/neo4j-wal-5.20.0.jar
                                                                 [classpath] /var/lib/neo4j/lib/commons-codec-1.16.1.jar
                                                                 [classpath] /var/lib/neo4j/lib/neo4j-front-end-5.20.0.jar
                                                                 [classpath] /var/lib/neo4j/lib/neo4j-query-router-5.20.0.jar
                                                                 [classpath] /var/lib/neo4j/lib/scala-collection-contrib_2.13-0.3.0.jar
                                                                 [classpath] /var/lib/neo4j/lib/animal-sniffer-annotations-1.23.jar
                                                                 [classpath] /var/lib/neo4j/lib/grpc-netty-1.62.2.jar
                                                                 [classpath] /var/lib/neo4j/lib/neo4j-gql-status-5.20.0.jar
                                                                 [classpath] /var/lib/neo4j/lib/netty-tcnative-boringssl-static-2.0.65.Final-linux-aarch_64.jar
                                                                 [classpath] /var/lib/neo4j/lib/neo4j-monitoring-5.20.0.jar
                                                                 [classpath] /var/lib/neo4j/lib/jersey-client-2.34.jar
                                                                 [classpath] /var/lib/neo4j/lib/jetty-security-10.0.20.jar
                                                                 [classpath] /var/lib/neo4j/lib/jctools-core-4.0.3.jar
                                                                 [classpath] /var/lib/neo4j/lib/jersey-hk2-2.34.jar
                                                                 [classpath] /var/lib/neo4j/lib/proto-google-common-protos-2.29.0.jar
                                                                 [classpath] /var/lib/neo4j/lib/netty-transport-classes-kqueue-4.1.109.Final.jar
                                                                 [classpath] /var/lib/neo4j/lib/neo4j-storage-engine-util-5.20.0.jar
                                                                 [classpath] /var/lib/neo4j/lib/jPowerShell-3.0.jar
                                                                 [classpath] /var/lib/neo4j/lib/netty-handler-4.1.109.Final.jar
                                                                 [classpath] /var/lib/neo4j/lib/neo4j-java-driver-5.20.0.jar
                                                                 [classpath] /var/lib/neo4j/lib/neo4j-server-5.20.0.jar
                                                                 [classpath] /var/lib/neo4j/lib/reactive-streams-1.0.4.jar
                                                                 [classpath] /var/lib/neo4j/lib/neo4j-codegen-5.20.0.jar
                                                                 [classpath] /var/lib/neo4j/lib/javassist-3.25.0-GA.jar
                                                                 [classpath] /var/lib/neo4j/lib/neo4j-cypher-logical-plans-5.20.0.jar
                                                                 [classpath] /var/lib/neo4j/lib/neo4j-cloud-5.20.0.jar
                                                                 [classpath] /var/lib/neo4j/lib/neo4j-bolt-5.20.0.jar
                                                                 [classpath] /var/lib/neo4j/lib/netty-tcnative-boringssl-static-2.0.65.Final-osx-x86_64.jar
                                                                 [classpath] /var/lib/neo4j/lib/neo4j-cypher-rendering-5.20.0.jar
                                                                 [classpath] /var/lib/neo4j/lib/neo4j-native-5.20.0.jar
                                                                 [classpath] /var/lib/neo4j/lib/listenablefuture-9999.0-empty-to-avoid-conflict-with-guava.jar
                                                                 [classpath] /var/lib/neo4j/lib/picocli-4.7.5.jar
                                                                 [classpath] /var/lib/neo4j/lib/failureaccess-1.0.2.jar
                                                                 [classpath] /var/lib/neo4j/lib/neo4j-cypher-ast-factory-5.20.0.jar
                                                                 [classpath] /var/lib/neo4j/lib/neo4j-token-api-5.20.0.jar
                                                                 [classpath] /var/lib/neo4j/lib/flight-core-15.0.2.jar
                                                                 [classpath] /var/lib/neo4j/lib/http2-hpack-10.0.20.jar
                                                                 [classpath] /var/lib/neo4j/lib/neo4j-concurrent-5.20.0.jar
                                                                 [classpath] /var/lib/neo4j/lib/netty-tcnative-boringssl-static-2.0.65.Final-windows-x86_64.jar
                                                                 [classpath] /var/lib/neo4j/lib/neo4j-lucene-index-5.20.0.jar
                                                                 [classpath] /var/lib/neo4j/lib/neo4j-expressions-5.20.0.jar
                                                                 [classpath] /var/lib/neo4j/lib/netty-transport-classes-epoll-4.1.109.Final.jar
                                                                 [classpath] /var/lib/neo4j/lib/jersey-common-2.34.jar
                                                                 [classpath] /var/lib/neo4j/lib/neo4j-slf4j-provider-5.20.0.jar
                                                                 [classpath] /var/lib/neo4j/lib/neo4j-graph-algo-5.20.0.jar
                                                                 [classpath] /var/lib/neo4j/lib/http2-server-10.0.20.jar
                                                                 [classpath] /var/lib/neo4j/lib/neo4j-cypher-javacc-parser-5.20.0.jar
                                                                 [classpath] /var/lib/neo4j/lib/neo4j-cypher-cst-factory-5.20.0.jar
                                                                 [classpath] /var/lib/neo4j/lib/neo4j-resource-5.20.0.jar
                                                                 [classpath] /var/lib/neo4j/lib/grpc-core-1.62.2.jar
                                                                 [classpath] /var/lib/neo4j/lib/shiro-crypto-core-2.0.0.jar
                                                                 [classpath] /var/lib/neo4j/lib/grpc-stub-1.62.2.jar
                                                                 [classpath] /var/lib/neo4j/lib/jna-5.14.0.jar
                                                                 [classpath] /var/lib/neo4j/lib/commons-text-1.11.0.jar
                                                                 [classpath] /var/lib/neo4j/lib/lucene-backward-codecs-9.10.0.jar
                                                                 [classpath] /var/lib/neo4j/lib/protobuf-java-3.25.2.jar
                                                                 [classpath] /var/lib/neo4j/lib/jline-terminal-jansi-3.21.0.jar
                                                                 [classpath] /var/lib/neo4j/lib/netty-handler-proxy-4.1.109.Final.jar
                                                                 [classpath] /var/lib/neo4j/lib/hk2-api-2.6.1.jar
                                                                 [classpath] /var/lib/neo4j/lib/netty-codec-4.1.109.Final.jar
                                                                 [classpath] /var/lib/neo4j/lib/arrow-vector-15.0.2.jar
                                                                 [classpath] /var/lib/neo4j/lib/jackson-datatype-jsr310-2.16.0.jar
                                                                 [classpath] /var/lib/neo4j/lib/neo4j-spatial-index-5.20.0.jar
                                                                 [classpath] /var/lib/neo4j/lib/shiro-core-2.0.0.jar
                                                                 [classpath] /var/lib/neo4j/lib/jsr305-3.0.2.jar
                                                                 [classpath] /var/lib/neo4j/lib/jackson-core-2.17.0.jar
                                                                 [classpath] /var/lib/neo4j/lib/shiro-lang-2.0.0.jar
                                                                 [classpath] /var/lib/neo4j/lib/jakarta.activation-api-1.2.2.jar
                                                                 [classpath] /var/lib/neo4j/lib/grpc-util-1.62.2.jar
                                                                 [classpath] /var/lib/neo4j/lib/neo4j-id-generator-5.20.0.jar
                                                                 [classpath] /var/lib/neo4j/lib/jetty-alpn-java-server-10.0.20.jar
                                                                 [classpath] /var/lib/neo4j/lib/neo4j-io-5.20.0.jar
                                                                 [classpath] /var/lib/neo4j/lib/annotations-5.20.0.jar
                                                                 [classpath] /var/lib/neo4j/lib/jackson-databind-2.17.0.jar
                                                                 [classpath] /var/lib/neo4j/lib/neo4j-dbms-5.20.0.jar
                                                                 [classpath] /var/lib/neo4j/lib/jettison-1.5.4.jar
                                                                 [classpath] /var/lib/neo4j/lib/jackson-jaxrs-base-2.17.0.jar
                                                                 [classpath] /var/lib/neo4j/lib/jakarta.inject-2.6.1.jar
                                                                 [classpath] /var/lib/neo4j/lib/netty-tcnative-classes-2.0.65.Final.jar
                                                                 [classpath] /var/lib/neo4j/lib/slf4j-api-2.0.9.jar
                                                                 [classpath] /var/lib/neo4j/lib/neo4j-cypher-ir-5.20.0.jar
                                                                 [classpath] /var/lib/neo4j/lib/lucene-queryparser-9.10.0.jar
                                                                 [classpath] /var/lib/neo4j/lib/perfmark-api-0.26.0.jar
                                                                 [classpath] /var/lib/neo4j/lib/jline-reader-3.21.0.jar
                                                                 [classpath] /var/lib/neo4j/lib/byte-buddy-1.14.12.jar
                                                                 [classpath] /var/lib/neo4j/lib/FastInfoset-1.2.16.jar
                                                                 [classpath] /var/lib/neo4j/lib/neo4j-cypher-planner-spi-5.20.0.jar
                                                                 [classpath] /var/lib/neo4j/lib/neo4j-capabilities-5.20.0.jar
                                                                 [classpath] /var/lib/neo4j/lib/shiro-crypto-cipher-2.0.0.jar
                                                                 [classpath] /var/lib/neo4j/lib/netty-transport-native-kqueue-4.1.109.Final-osx-aarch_64.jar
                                                                 [classpath] /var/lib/neo4j/lib/flatbuffers-java-23.5.26.jar
                                                                 [classpath] /var/lib/neo4j/lib/neo4j-csv-5.20.0.jar
                                                                 [classpath] /var/lib/neo4j/lib/arrow-memory-core-15.0.2.jar
                                                                 [classpath] /var/lib/neo4j/lib/neo4j-fulltext-index-5.20.0.jar
                                                                 [classpath] /var/lib/neo4j/lib/neo4j-diagnostics-5.20.0.jar
                                                                 [classpath] /var/lib/neo4j/lib/scala-reflect-2.13.11.jar
                                                                 [classpath] /var/lib/neo4j/plugins/apoc.jar
                                                                 [classpath] /var/lib/neo4j/lib/netty-tcnative-boringssl-static-2.0.65.Final-linux-x86_64.jar
                                                                 [classpath] /var/lib/neo4j/lib/jakarta.annotation-api-1.3.5.jar
                                                                 [classpath] /var/lib/neo4j/lib/neo4j-5.20.0.jar
                                                                 [classpath] /var/lib/neo4j/lib/netty-buffer-4.1.109.Final.jar
                                                                 [classpath] /var/lib/neo4j/lib/netty-codec-http-4.1.109.Final.jar
                                                                 [classpath] /var/lib/neo4j/plugins/graph-data-science.jar
                                                                 [classpath] /var/lib/neo4j/lib/neo4j-cypher-runtime-util-5.20.0.jar
                                                                 [classpath] /var/lib/neo4j/lib/neo4j-kernel-5.20.0.jar
                                                                 [classpath] /var/lib/neo4j/lib/neo4j-cypher-slotted-runtime-5.20.0.jar
                                                                 [classpath] /var/lib/neo4j/lib/reactor-core-3.6.5.jar
                                                                 [classpath] /var/lib/neo4j/lib/neo4j-cypher-cache-5.20.0.jar
                                                                 [classpath] /var/lib/neo4j/lib/netty-transport-native-epoll-4.1.109.Final-linux-aarch_64.jar
                                                                 [classpath] /var/lib/neo4j/lib/neo4j-graphdb-api-5.20.0.jar
                                                                 [classpath] /var/lib/neo4j/lib/log4j-layout-template-json-2.20.0.jar
                                                                 [classpath] /var/lib/neo4j/lib/neo4j-unsafe-5.20.0.jar
                                                                 [classpath] /var/lib/neo4j/lib/shiro-hashes-bcrypt-2.0.0.jar
                                                                 [classpath] /var/lib/neo4j/lib/neo4j-import-util-5.20.0.jar
                                                                 [classpath] /var/lib/neo4j/lib/jersey-server-2.34.jar
                                                                 [classpath] /var/lib/neo4j/lib/neo4j-data-collector-5.20.0.jar
                                                                 [classpath] /var/lib/neo4j/lib/shiro-config-core-2.0.0.jar
                                                                 [classpath] /var/lib/neo4j/lib/shiro-event-2.0.0.jar
                                                                
                                                                --------------------------------------------------------------------------------
                                                                                                [ Library path ]                                
                                                                --------------------------------------------------------------------------------
                                                                /usr/java/packages/lib
                                                                /usr/lib64
                                                                /lib64
                                                                /lib
                                                                /usr/lib
                                                                
                                                                --------------------------------------------------------------------------------
                                                                                             [ System properties ]                              
                                                                --------------------------------------------------------------------------------
                                                                jdk.tls.rejectClientInitiatedRenegotiation = true
                                                                sun.jnu.encoding = ANSI_X3.4-1968
                                                                sun.arch.data.model = 64
                                                                user.timezone = Etc/UTC
                                                                sun.java.launcher = SUN_STANDARD
                                                                user.country = US
                                                                sun.boot.library.path = /opt/java/openjdk/lib
                                                                sun.java.command = org.neo4j.server.CommunityEntryPoint --home-dir=/var/lib/neo4j --config-dir=/var/lib/neo4j/conf --console-mode
                                                                jdk.debug = release
                                                                io.netty.tryReflectionSetAccessible = true
                                                                sun.cpu.endian = little
                                                                user.home = /var/lib/neo4j
                                                                user.language = en
                                                                file.separator = /
                                                                jdk.tls.ephemeralDHKeySize = 2048
                                                                sun.management.compiler = HotSpot 64-Bit Tiered Compilers
                                                                user.name = neo4j
                                                                jdk.nio.maxCachedBufferSize = 1024
                                                                path.separator = :
                                                                file.encoding = UTF-8
                                                                jnidispatch.path = /var/lib/neo4j/.cache/JNA/temp/jna6839941936753118582.tmp
                                                                jna.loaded = true
                                                                user.dir = /var/lib/neo4j
                                                                native.encoding = ANSI_X3.4-1968
                                                                sun.io.unicode.encoding = UnicodeLittle
                                                                log4j2.disable.jmx = true
                                                                
                                                                --------------------------------------------------------------------------------
                                                                                      [ (IANA) TimeZone database version ]                      
                                                                --------------------------------------------------------------------------------
                                                                  TimeZone version: 2024a (available for 603 zone identifiers)
                                                                
                                                                --------------------------------------------------------------------------------
                                                                                            [ Network information ]                             
                                                                --------------------------------------------------------------------------------
                                                                Interface eth0:
                                                                    address: 172.18.0.2
                                                                Interface lo:
                                                                    address: 0:0:0:0:0:0:0:1%lo
                                                                    address: 127.0.0.1
                                                                
                                                                --------------------------------------------------------------------------------
                                                                                         [ Native access information ]                          
                                                                --------------------------------------------------------------------------------
                                                                Native access details: Linux native access is available.
                                                                
                                                                --------------------------------------------------------------------------------
                                                                                                [ DBMS config ]                                 
                                                                --------------------------------------------------------------------------------
                                                                DBMS provided settings:
                                                                db.tx_log.rotation.retention_policy=2 days 2G
                                                                dbms.security.procedures.allowlist=apoc.*,gds.*
                                                                dbms.security.procedures.unrestricted=apoc.*,gds.*
                                                                server.bolt.enabled=true
                                                                server.default_listen_address=0.0.0.0
                                                                server.directories.import=/var/lib/neo4j/import
                                                                server.directories.logs=/logs
                                                                server.directories.neo4j_home=/var/lib/neo4j
                                                                server.http.enabled=true
                                                                server.https.enabled=false
                                                                server.jvm.additional=-XX:+UseG1GC
-XX:-OmitStackTraceInFastThrow
-XX:+AlwaysPreTouch
-XX:+UnlockExperimentalVMOptions
-XX:+TrustFinalNonStaticFields
-XX:+DisableExplicitGC
-Djdk.nio.maxCachedBufferSize=1024
-Dio.netty.tryReflectionSetAccessible=true
-Djdk.tls.ephemeralDHKeySize=2048
-Djdk.tls.rejectClientInitiatedRenegotiation=true
-XX:FlightRecorderOptions=stackdepth=256
-XX:+UnlockDiagnosticVMOptions
-XX:+DebugNonSafepoints
--add-opens=java.base/java.nio=ALL-UNNAMED
--add-opens=java.base/java.io=ALL-UNNAMED
--add-opens=java.base/sun.nio.ch=ALL-UNNAMED
-Dlog4j2.disable.jmx=true
                                                                server.memory.heap.initial_size=1.00GiB
                                                                server.memory.heap.max_size=2.00GiB
                                                                server.memory.pagecache.size=512.00MiB
                                                                server.windows_service_name=neo4j
                                                                Directories in use:
                                                                server.directories.data=/var/lib/neo4j/data
                                                                server.directories.dumps.root=/var/lib/neo4j/data/dumps
                                                                server.directories.import=/var/lib/neo4j/import
                                                                server.directories.lib=/var/lib/neo4j/lib
                                                                server.directories.licenses=/var/lib/neo4j/licenses
                                                                server.directories.logs=/logs
                                                                server.directories.neo4j_home=/var/lib/neo4j
                                                                server.directories.plugins=/var/lib/neo4j/plugins
                                                                server.directories.run=/var/lib/neo4j/run
                                                                server.directories.script.root=/var/lib/neo4j/data/scripts
                                                                server.directories.transaction.logs.root=/var/lib/neo4j/data/transactions
                                                                
                                                                --------------------------------------------------------------------------------
                                                                                                 [ Packaging ]                                  
                                                                --------------------------------------------------------------------------------
                                                                Edition: Community
                                                                Package Type: docker bullseye
                                                                
2025-11-19 10:08:33.380+0000 INFO  [o.n.d.i.DefaultIdentityModule] Generated new ServerId: ServerId{91136241} (91136241-fe1a-4b00-bfcc-f85ca05ef33b)
2025-11-19 10:08:33.381+0000 INFO  [o.n.d.i.DefaultIdentityModule] This instance is ServerId{91136241} (91136241-fe1a-4b00-bfcc-f85ca05ef33b)
2025-11-19 10:08:33.815+0000 INFO  [o.n.s.CommunityNeoWebServer] ======== Neo4j 5.20.0 ========
2025-11-19 10:08:33.822+0000 INFO  [o.n.d.d.DatabaseLifecycles] Creating 'DatabaseId{00000000[system]}'.
2025-11-19 10:08:33.843+0000 INFO  [a.ApocConfig] successfully registered ApocConfig for @Context
2025-11-19 10:08:33.904+0000 INFO  [c.n.g.e.GraphDataScienceExtension] Progress tracking: enabled
2025-11-19 10:08:33.904+0000 INFO  [c.n.g.e.GraphDataScienceExtension] Memory usage guard: minimum estimate
2025-11-19 10:08:33.906+0000 INFO  [c.n.g.e.GraphDataScienceExtension] GDS license file: null
2025-11-19 10:08:33.906+0000 INFO  [c.n.g.e.GraphDataScienceExtension] GDS license state: unlicensed
2025-11-19 10:08:33.909+0000 INFO  [c.n.g.e.GraphDataScienceExtension] Register GraphDataScience...
2025-11-19 10:08:33.916+0000 INFO  [c.n.g.e.GraphDataScienceExtension] GraphDataScience registered.
2025-11-19 10:08:33.916+0000 INFO  [c.n.g.e.GraphDataScienceExtension] Register GraphDataScienceExtras...
2025-11-19 10:08:33.917+0000 INFO  [c.n.g.e.GraphDataScienceExtension] GraphDataScienceExtras registered.
2025-11-19 10:08:33.917+0000 INFO  [c.n.g.e.GraphDataScienceExtension] Register MetricsFacade...
2025-11-19 10:08:33.917+0000 INFO  [c.n.g.e.GraphDataScienceExtension] MetricsFacade registered.
2025-11-19 10:08:33.918+0000 INFO  [c.n.g.e.GraphDataScienceExtension] Register legacy Task Store/ Registry...
2025-11-19 10:08:33.918+0000 INFO  [c.n.g.e.GraphDataScienceExtension] Task Store/ Registry registered.
2025-11-19 10:08:33.918+0000 INFO  [c.n.g.e.GraphDataScienceExtension] Register legacy User Log Registry...
2025-11-19 10:08:33.918+0000 INFO  [c.n.g.e.GraphDataScienceExtension] User Log Registry registered.
2025-11-19 10:08:33.922+0000 INFO  [a.Pools] successfully registered Pools for @Context
2025-11-19 10:08:33.926+0000 INFO  [a.ApocConfig] cannot determine conf folder from sys property org.neo4j.server.CommunityEntryPoint --home-dir=/var/lib/neo4j --config-dir=/var/lib/neo4j/conf --console-mode, assuming /var/lib/neo4j/conf
2025-11-19 10:08:33.926+0000 INFO  [a.ApocConfig] system property NEO4J_CONF set to /var/lib/neo4j/conf
2025-11-19 10:08:33.975+0000 INFO  [a.ApocConfig] setting APOC config to default value: apoc.import.file.enabled=false
2025-11-19 10:08:33.976+0000 INFO  [a.ApocConfig] setting APOC config to default value: apoc.trigger.enabled=false
2025-11-19 10:08:33.976+0000 INFO  [a.ApocConfig] setting APOC config to default value: apoc.import.file.use_neo4j_config=true
2025-11-19 10:08:33.976+0000 INFO  [a.ApocConfig] setting APOC config to default value: apoc.export.file.enabled=false
2025-11-19 10:08:33.983+0000 INFO  [o.n.g.c.GdsProxyExtension] GDS compatibility: for Neo4j Settings 5.x -- available, for Neo4j Settings 4.4 -- not available, selected: Neo4j Settings 5.x
2025-11-19 10:08:33.983+0000 INFO  [o.n.g.c.GdsProxyExtension] GDS compatibility: for Neo4j 4.4 -- not available, for Neo4j 5.11 -- not available, for Neo4j 5.12 -- not available, for Neo4j 5.13 -- not available, for Neo4j 5.14 -- not available, for Neo4j 5.15 -- not available, for Neo4j 5.16 -- not available, for Neo4j 5.17 -- not available, for Neo4j 5.18 -- not available, for Neo4j 5.19 -- not available, for Neo4j 5.20 -- available, selected: Neo4j 5.20
2025-11-19 10:08:34.009+0000 INFO  [o.n.b.BoltServer] Using connector transport epoll
2025-11-19 10:08:34.050+0000 INFO  [o.n.b.BoltServer] Configured external Bolt connector with listener address /0.0.0.0:7687
2025-11-19 10:08:34.051+0000 INFO  [o.n.b.BoltServer] Bolt server loaded
2025-11-19 10:08:34.064+0000 INFO  [o.n.d.d.DatabaseLifecycles] Starting 'DatabaseId{00000000[system]}'.
2025-11-19 10:08:34.436+0000 INFO  [o.n.i.d.DiagnosticsManager] [system/00000000] 
                                                                [system/00000000] ********************************************************************************
                                                                [system/00000000]                               [ Database: system ]                              
                                                                [system/00000000] ********************************************************************************
                                                                [system/00000000] --------------------------------------------------------------------------------
                                                                [system/00000000]                                   [ Version ]                                   
                                                                [system/00000000] --------------------------------------------------------------------------------
                                                                [system/00000000] DBMS: community record-aligned-1.1
                                                                [system/00000000] Kernel version: 5.20.0
                                                                [system/00000000] 
                                                                [system/00000000] --------------------------------------------------------------------------------
                                                                [system/00000000]                                 [ Store files ]                                 
                                                                [system/00000000] --------------------------------------------------------------------------------
                                                                [system/00000000] Disk space on partition (Total / Free / Free %): 245107195904 / 41734721536 / 17
                                                                [system/00000000] Storage files stored on file store: fakeowner
                                                                [system/00000000] Storage files: (filename : modification date - size)
                                                                [system/00000000]   neostore: 2025-11-19 10:08:34.373+0000 - 8.000KiB
                                                                [system/00000000]   neostore.counts.db: 2025-11-19 10:08:34.384+0000 - 0B
                                                                [system/00000000]   neostore.indexstats.db: 2025-11-19 10:08:34.391+0000 - 0B
                                                                [system/00000000]   neostore.labeltokenstore.db: 2025-11-19 10:08:34.368+0000 - 0B
                                                                [system/00000000]   neostore.labeltokenstore.db.id: 2025-11-19 10:08:34.367+0000 - 0B
                                                                [system/00000000]   neostore.labeltokenstore.db.names: 2025-11-19 10:08:34.367+0000 - 8.000KiB
                                                                [system/00000000]   neostore.labeltokenstore.db.names.id: 2025-11-19 10:08:34.366+0000 - 0B
                                                                [system/00000000]   neostore.nodestore.db: 2025-11-19 10:08:34.357+0000 - 0B
                                                                [system/00000000]   neostore.nodestore.db.id: 2025-11-19 10:08:34.357+0000 - 0B
                                                                [system/00000000]   neostore.nodestore.db.labels: 2025-11-19 10:08:34.354+0000 - 8.000KiB
                                                                [system/00000000]   neostore.nodestore.db.labels.id: 2025-11-19 10:08:34.343+0000 - 0B
                                                                [system/00000000]   neostore.propertystore.db: 2025-11-19 10:08:34.363+0000 - 0B
                                                                [system/00000000]   neostore.propertystore.db.arrays: 2025-11-19 10:08:34.362+0000 - 8.000KiB
                                                                [system/00000000]   neostore.propertystore.db.arrays.id: 2025-11-19 10:08:34.361+0000 - 0B
                                                                [system/00000000]   neostore.propertystore.db.id: 2025-11-19 10:08:34.363+0000 - 0B
                                                                [system/00000000]   neostore.propertystore.db.index: 2025-11-19 10:08:34.360+0000 - 0B
                                                                [system/00000000]   neostore.propertystore.db.index.id: 2025-11-19 10:08:34.359+0000 - 0B
                                                                [system/00000000]   neostore.propertystore.db.index.keys: 2025-11-19 10:08:34.358+0000 - 8.000KiB
                                                                [system/00000000]   neostore.propertystore.db.index.keys.id: 2025-11-19 10:08:34.358+0000 - 0B
                                                                [system/00000000]   neostore.propertystore.db.strings: 2025-11-19 10:08:34.361+0000 - 8.000KiB
                                                                [system/00000000]   neostore.propertystore.db.strings.id: 2025-11-19 10:08:34.360+0000 - 0B
                                                                [system/00000000]   neostore.relationshipgroupstore.db: 2025-11-19 10:08:34.370+0000 - 8.000KiB
                                                                [system/00000000]   neostore.relationshipgroupstore.db.id: 2025-11-19 10:08:34.370+0000 - 0B
                                                                [system/00000000]   neostore.relationshipgroupstore.degrees.db: 2025-11-19 10:08:34.389+0000 - 0B
                                                                [system/00000000]   neostore.relationshipstore.db: 2025-11-19 10:08:34.364+0000 - 0B
                                                                [system/00000000]   neostore.relationshipstore.db.id: 2025-11-19 10:08:34.364+0000 - 0B
                                                                [system/00000000]   neostore.relationshiptypestore.db: 2025-11-19 10:08:34.366+0000 - 0B
                                                                [system/00000000]   neostore.relationshiptypestore.db.id: 2025-11-19 10:08:34.366+0000 - 0B
                                                                [system/00000000]   neostore.relationshiptypestore.db.names: 2025-11-19 10:08:34.365+0000 - 8.000KiB
                                                                [system/00000000]   neostore.relationshiptypestore.db.names.id: 2025-11-19 10:08:34.364+0000 - 0B
                                                                [system/00000000]   neostore.schemastore.db: 2025-11-19 10:08:34.369+0000 - 8.000KiB
                                                                [system/00000000]   neostore.schemastore.db.id: 2025-11-19 10:08:34.368+0000 - 0B
                                                                [system/00000000] Storage summary: 
                                                                [system/00000000]   Total size of store: 72.00KiB
                                                                [system/00000000]   Total size of mapped files: 72.00KiB
                                                                [system/00000000] 
                                                                [system/00000000] --------------------------------------------------------------------------------
                                                                [system/00000000]                               [ Transaction log ]                               
                                                                [system/00000000] --------------------------------------------------------------------------------
                                                                [system/00000000] Transaction log files stored on file store: fakeowner
                                                                [system/00000000] Transaction log metadata:
                                                                [system/00000000]  - current kernel version used in transactions: V5_20
                                                                [system/00000000]  - last committed transaction id: 1
                                                                [system/00000000] Transaction log files:
                                                                [system/00000000]  - existing transaction log versions: -1--1
                                                                [system/00000000]  - no transactions found
                                                                [system/00000000] Checkpoint log files:
                                                                [system/00000000]  - existing checkpoint log versions: -1--1
                                                                [system/00000000]  - no checkpoints found
                                                                [system/00000000] 
                                                                [system/00000000] --------------------------------------------------------------------------------
                                                                [system/00000000]                                   [ Id usage ]                                  
                                                                [system/00000000] --------------------------------------------------------------------------------
                                                                [system/00000000] ArrayPropertyStore[neostore.nodestore.db.labels]: used=1 high=0
                                                                [system/00000000] NodeStore[neostore.nodestore.db]: used=0 high=-1
                                                                [system/00000000] StringPropertyStore[neostore.propertystore.db.index.keys]: used=1 high=0
                                                                [system/00000000] PropertyIndexStore[neostore.propertystore.db.index]: used=0 high=-1
                                                                [system/00000000] StringPropertyStore[neostore.propertystore.db.strings]: used=1 high=0
                                                                [system/00000000] ArrayPropertyStore[neostore.propertystore.db.arrays]: used=1 high=0
                                                                [system/00000000] PropertyStore[neostore.propertystore.db]: used=0 high=-1
                                                                [system/00000000] RelationshipStore[neostore.relationshipstore.db]: used=0 high=-1
                                                                [system/00000000] StringPropertyStore[neostore.relationshiptypestore.db.names]: used=1 high=0
                                                                [system/00000000] RelationshipTypeStore[neostore.relationshiptypestore.db]: used=0 high=-1
                                                                [system/00000000] StringPropertyStore[neostore.labeltokenstore.db.names]: used=1 high=0
                                                                [system/00000000] LabelTokenStore[neostore.labeltokenstore.db]: used=0 high=-1
                                                                [system/00000000] SchemaStore[neostore.schemastore.db]: used=1 high=0
                                                                [system/00000000] RelationshipGroupStore[neostore.relationshipgroupstore.db]: used=1 high=0
                                                                [system/00000000] NeoStore[neostore]: used=-1 high=-1
                                                                [system/00000000] 
                                                                [system/00000000] --------------------------------------------------------------------------------
                                                                [system/00000000]                                   [ Metadata ]                                  
                                                                [system/00000000] --------------------------------------------------------------------------------
                                                                [system/00000000] EXTERNAL_STORE_UUID (Database identifier exposed as external store identity. Generated on creation and never updated): 33c5992a-4699-4daf-babb-76ebe297d68b
                                                                [system/00000000] DATABASE_ID (The last used DatabaseId for this database): null
                                                                [system/00000000] LEGACY_STORE_VERSION (Legacy store format version. This field is used from 5.0 onwards only to distinguish non-migrated pre 5.0 metadata stores.): -3523014627327384477
                                                                [system/00000000] STORE_ID (Store ID): StoreId{creationTime=1763546914371, random=1117037650893268670, storageEngineName='record', formatName='aligned', majorVersion=1, minorVersion=1}
                                                                [system/00000000] 
2025-11-19 10:08:34.444+0000 INFO  [o.n.k.a.DatabaseAvailabilityGuard] [system/00000000] Requirement `Database unavailable` makes database system unavailable.
2025-11-19 10:08:34.444+0000 INFO  [o.n.k.a.DatabaseAvailabilityGuard] [system/00000000] DatabaseId{00000000[system]} is unavailable.
2025-11-19 10:08:34.460+0000 WARN  [o.n.k.i.s.MetaDataStore] [system/00000000] Missing counts store, rebuilding it.
2025-11-19 10:08:34.464+0000 WARN  [o.n.k.i.s.MetaDataStore] [system/00000000] Counts store rebuild completed.
2025-11-19 10:08:34.533+0000 INFO  [o.n.k.d.Database] [system/00000000] Starting transaction log [/data/transactions/system/neostore.transaction.db.0] at version=0
2025-11-19 10:08:34.538+0000 INFO  [o.n.k.d.Database] [system/00000000] Starting transaction log [/data/transactions/system/checkpoint.0] at version=0
2025-11-19 10:08:34.541+0000 INFO  [o.n.k.i.t.l.f.c.CheckpointLogFile] [system/00000000] Scanning log file with version 0 for checkpoint entries
2025-11-19 10:08:34.552+0000 INFO  [o.n.k.a.DatabaseAvailabilityGuard] [system/00000000] Fulfilling of requirement 'Database unavailable' makes database system available.
2025-11-19 10:08:34.553+0000 INFO  [o.n.k.a.DatabaseAvailabilityGuard] [system/00000000] DatabaseId{00000000[system]} is ready.
2025-11-19 10:08:34.636+0000 INFO  [o.n.k.i.a.i.IndexPopulationJob] [system/00000000] Index population started: [Index( id=2, name='index_f7700477', type='LOOKUP', schema=()-[:<any-types>]-(), indexProvider='token-lookup-1.0' )]
2025-11-19 10:08:34.654+0000 INFO  [o.n.k.i.a.i.IndexPopulationJob] [system/00000000] Index creation finished for index [Index( id=2, name='index_f7700477', type='LOOKUP', schema=()-[:<any-types>]-(), indexProvider='token-lookup-1.0' )].
2025-11-19 10:08:34.658+0000 INFO  [o.n.k.i.a.i.IndexPopulationJob] [system/00000000] Index population started: [Index( id=1, name='index_343aff4e', type='LOOKUP', schema=(:<any-labels>), indexProvider='token-lookup-1.0' )]
2025-11-19 10:08:34.664+0000 INFO  [o.n.k.i.a.i.IndexPopulationJob] [system/00000000] Index creation finished for index [Index( id=1, name='index_343aff4e', type='LOOKUP', schema=(:<any-labels>), indexProvider='token-lookup-1.0' )].
2025-11-19 10:08:34.666+0000 INFO  [o.n.k.i.t.l.c.CheckPointerImpl] [system/00000000] Checkpoint triggered by "Database init completed." @ txId: 3 checkpoint started...
2025-11-19 10:08:34.681+0000 INFO  [o.n.k.i.t.l.c.CheckPointerImpl] [system/00000000] Checkpoint triggered by "Database init completed." @ txId: 3 checkpoint completed in 14ms. Checkpoint flushed 74 pages (0% of total available pages), in 57 IOs. Checkpoint performed with IO limit: unlimited, paused in total 0 times( 0 millis).
2025-11-19 10:08:34.682+0000 INFO  [o.n.k.i.t.l.p.LogPruningImpl] [system/00000000] No log version pruned. The strategy used was '2 days 2147483648 size'. 
2025-11-19 10:08:34.735+0000 WARN  [o.n.k.a.p.GlobalProcedures] Failed to load `org.neo4j.gds.compat._44.BoltTransactionRunnerImpl` from plugin jar `/var/lib/neo4j/plugins/graph-data-science.jar`: java.lang.NoClassDefFoundError: org/neo4j/bolt/runtime/statemachine/impl/BoltAdapterSubscriber
2025-11-19 10:08:34.897+0000 WARN  [o.n.k.a.p.GlobalProcedures] Failed to load `com.neo4j.gds.core.write.CypherNodePropertyExporterBuilder` from plugin jar `/var/lib/neo4j/plugins/graph-data-science.jar`: java.lang.NoClassDefFoundError: com/neo4j/kernel/enterprise/api/security/EnterpriseLoginContext
2025-11-19 10:08:34.968+0000 WARN  [o.n.k.a.p.GlobalProcedures] Failed to load `com.opencsv.bean.HeaderIndex` from plugin jar `/var/lib/neo4j/plugins/apoc.jar`: java.lang.NoClassDefFoundError: org/apache/commons/collections4/MultiValuedMap
2025-11-19 10:08:34.984+0000 WARN  [o.n.k.a.p.GlobalProcedures] Failed to load `com.neo4j.gds.shaded.io.netty.handler.codec.spdy.SpdyHeaderBlockJZlibEncoder` from plugin jar `/var/lib/neo4j/plugins/graph-data-science.jar`: java.lang.NoClassDefFoundError: com/neo4j/gds/shaded/com/jcraft/jzlib/Deflater
2025-11-19 10:08:34.989+0000 WARN  [o.n.k.a.p.GlobalProcedures] Failed to load `apoc.util.hdfs.HDFSUtils$1` from plugin jar `/var/lib/neo4j/plugins/apoc.jar`: java.lang.NoClassDefFoundError: org/apache/hadoop/fs/FSDataInputStream
2025-11-19 10:08:34.995+0000 WARN  [o.n.k.a.p.GlobalProcedures] Failed to load `com.opencsv.bean.BeanFieldJoin` from plugin jar `/var/lib/neo4j/plugins/apoc.jar`: java.lang.NoClassDefFoundError: org/apache/commons/collections4/MultiValuedMap
2025-11-19 10:08:35.048+0000 WARN  [o.n.k.a.p.GlobalProcedures] Failed to load `com.neo4j.gds.shaded.io.netty.handler.codec.compression.LzfDecoder` from plugin jar `/var/lib/neo4j/plugins/graph-data-science.jar`: java.lang.NoClassDefFoundError: com/neo4j/gds/shaded/com/ning/compress/lzf/ChunkDecoder
2025-11-19 10:08:35.151+0000 WARN  [o.n.k.a.p.GlobalProcedures] Failed to load `com.neo4j.gds.shaded.io.netty.handler.codec.marshalling.DefaultUnmarshallerProvider` from plugin jar `/var/lib/neo4j/plugins/graph-data-science.jar`: java.lang.NoClassDefFoundError: com/neo4j/gds/shaded/org/jboss/marshalling/Unmarshaller
2025-11-19 10:08:35.255+0000 WARN  [o.n.k.a.p.GlobalProcedures] Failed to load `org.neo4j.gds.compat._44.BoltTransactionRunnerImpl$1` from plugin jar `/var/lib/neo4j/plugins/graph-data-science.jar`: java.lang.NoClassDefFoundError: org/neo4j/bolt/runtime/statemachine/impl/BoltAdapterSubscriber
2025-11-19 10:08:35.275+0000 WARN  [o.n.k.a.p.GlobalProcedures] Failed to load `com.neo4j.gds.shaded.org.ejml.ops.MatrixIO$MflAccess$IO` from plugin jar `/var/lib/neo4j/plugins/graph-data-science.jar`: java.lang.NoClassDefFoundError: us/hebi/matlab/mat/types/MatFile
2025-11-19 10:08:35.296+0000 WARN  [o.n.k.a.p.GlobalProcedures] Failed to load `com.neo4j.gds.shaded.io.netty.handler.codec.protobuf.ProtobufEncoderNano` from plugin jar `/var/lib/neo4j/plugins/graph-data-science.jar`: java.lang.NoClassDefFoundError: com/neo4j/gds/shaded/com/google/protobuf/nano/MessageNano
2025-11-19 10:08:35.324+0000 WARN  [o.n.k.a.p.GlobalProcedures] Failed to load `com.jayway.jsonpath.spi.json.JakartaJsonProvider$JsonArrayProxy$1` from plugin jar `/var/lib/neo4j/plugins/apoc.jar`: java.lang.NoClassDefFoundError: jakarta/json/JsonValue
2025-11-19 10:08:35.324+0000 WARN  [o.n.k.a.p.GlobalProcedures] Failed to load `com.jayway.jsonpath.spi.json.JakartaJsonProvider$JsonArrayProxy$2` from plugin jar `/var/lib/neo4j/plugins/apoc.jar`: java.lang.NoClassDefFoundError: jakarta/json/JsonValue
2025-11-19 10:08:35.421+0000 WARN  [o.n.k.a.p.GlobalProcedures] Failed to load `net.minidev.asm.BeansAccessBuilder` from plugin jar `/var/lib/neo4j/plugins/apoc.jar`: java.lang.NoClassDefFoundError: org/objectweb/asm/MethodVisitor
2025-11-19 10:08:35.455+0000 WARN  [o.n.k.a.p.GlobalProcedures] Failed to load `org.neo4j.internal.recordstorage.InMemoryStorageReader44` from plugin jar `/var/lib/neo4j/plugins/graph-data-science.jar`: java.lang.NoClassDefFoundError: org/neo4j/counts/CountsAccessor
2025-11-19 10:08:35.471+0000 WARN  [o.n.k.a.p.GlobalProcedures] Failed to load `com.neo4j.gds.ClusterExporterBuilderCatalog$ExporterBuilderCreator` from plugin jar `/var/lib/neo4j/plugins/graph-data-science.jar`: java.lang.NoClassDefFoundError: com/neo4j/kernel/enterprise/api/security/EnterpriseLoginContext
2025-11-19 10:08:35.516+0000 WARN  [o.n.k.a.p.GlobalProcedures] Failed to load `com.neo4j.gds.shaded.io.netty.handler.codec.compression.JZlibEncoder` from plugin jar `/var/lib/neo4j/plugins/graph-data-science.jar`: java.lang.NoClassDefFoundError: com/neo4j/gds/shaded/com/jcraft/jzlib/Deflater
2025-11-19 10:08:35.619+0000 WARN  [o.n.k.a.p.GlobalProcedures] Failed to load `com.neo4j.gds.metrics.projections.PrometheusMetricsForProjectionsProvider` from plugin jar `/var/lib/neo4j/plugins/graph-data-science.jar`: java.lang.NoClassDefFoundError: io/prometheus/client/Counter
2025-11-19 10:08:35.622+0000 WARN  [o.n.k.a.p.GlobalProcedures] Failed to load `com.neo4j.gds.shaded.io.netty.handler.ssl.JettyNpnSslEngine$1` from plugin jar `/var/lib/neo4j/plugins/graph-data-science.jar`: java.lang.NoClassDefFoundError: com/neo4j/gds/shaded/org/eclipse/jetty/npn/NextProtoNego$ServerProvider
2025-11-19 10:08:35.623+0000 WARN  [o.n.k.a.p.GlobalProcedures] Failed to load `com.neo4j.gds.shaded.io.netty.handler.ssl.JettyNpnSslEngine$2` from plugin jar `/var/lib/neo4j/plugins/graph-data-science.jar`: java.lang.NoClassDefFoundError: com/neo4j/gds/shaded/org/eclipse/jetty/npn/NextProtoNego$ClientProvider
2025-11-19 10:08:35.682+0000 WARN  [o.n.k.a.p.GlobalProcedures] Failed to load `com.neo4j.gds.core.write.CypherNodeLabelExporterBuilder` from plugin jar `/var/lib/neo4j/plugins/graph-data-science.jar`: java.lang.NoClassDefFoundError: com/neo4j/kernel/enterprise/api/security/EnterpriseLoginContext
2025-11-19 10:08:35.887+0000 WARN  [o.n.k.a.p.GlobalProcedures] Failed to load `com.neo4j.gds.metrics.PrometheusExecutionMetricProvider` from plugin jar `/var/lib/neo4j/plugins/graph-data-science.jar`: java.lang.NoClassDefFoundError: io/prometheus/client/Counter
2025-11-19 10:08:35.998+0000 WARN  [o.n.k.a.p.GlobalProcedures] Failed to load `com.neo4j.gds.shaded.io.netty.handler.codec.compression.LzmaFrameEncoder` from plugin jar `/var/lib/neo4j/plugins/graph-data-science.jar`: java.lang.NoClassDefFoundError: lzma/sdk/lzma/Encoder
2025-11-19 10:08:36.059+0000 WARN  [o.n.k.a.p.GlobalProcedures] Failed to load `com.opencsv.bean.BeanFieldJoinStringIndex` from plugin jar `/var/lib/neo4j/plugins/apoc.jar`: java.lang.NoClassDefFoundError: org/apache/commons/collections4/MultiValuedMap
2025-11-19 10:08:36.081+0000 WARN  [o.n.k.a.p.GlobalProcedures] Failed to load `com.neo4j.gds.metrics.GdsMetricsExtension$GdsMetricLifecycleAdapter` from plugin jar `/var/lib/neo4j/plugins/graph-data-science.jar`: java.lang.NoClassDefFoundError: io/prometheus/client/Collector
2025-11-19 10:08:36.088+0000 WARN  [o.n.k.a.p.GlobalProcedures] Failed to load `com.opencsv.bean.concurrent.BeanExecutor` from plugin jar `/var/lib/neo4j/plugins/apoc.jar`: java.lang.NoClassDefFoundError: org/apache/commons/collections4/ListValuedMap
2025-11-19 10:08:36.128+0000 WARN  [o.n.k.a.p.GlobalProcedures] Failed to load `org.neo4j.gds.compat._44.InMemoryCountsStore` from plugin jar `/var/lib/neo4j/plugins/graph-data-science.jar`: java.lang.NoClassDefFoundError: org/neo4j/counts/CountsAccessor$Updater
2025-11-19 10:08:36.212+0000 WARN  [o.n.k.a.p.GlobalProcedures] Failed to load `com.neo4j.gds.shaded.io.netty.util.internal.Hidden$NettyBlockHoundIntegration$1` from plugin jar `/var/lib/neo4j/plugins/graph-data-science.jar`: java.lang.NoClassDefFoundError: reactor/blockhound/integration/BlockHoundIntegration
2025-11-19 10:08:36.247+0000 WARN  [o.n.k.a.p.GlobalProcedures] Failed to load `com.neo4j.gds.shaded.io.netty.handler.codec.marshalling.MarshallingEncoder` from plugin jar `/var/lib/neo4j/plugins/graph-data-science.jar`: java.lang.NoClassDefFoundError: com/neo4j/gds/shaded/org/jboss/marshalling/ByteOutput
2025-11-19 10:08:36.260+0000 WARN  [o.n.k.a.p.GlobalProcedures] Failed to load `com.neo4j.gds.shaded.io.netty.handler.codec.marshalling.DefaultMarshallerProvider` from plugin jar `/var/lib/neo4j/plugins/graph-data-science.jar`: java.lang.NoClassDefFoundError: com/neo4j/gds/shaded/org/jboss/marshalling/Marshaller
2025-11-19 10:08:36.265+0000 WARN  [o.n.k.a.p.GlobalProcedures] Failed to load `com.neo4j.gds.shaded.io.netty.handler.ssl.ConscryptAlpnSslEngine$ServerEngine` from plugin jar `/var/lib/neo4j/plugins/graph-data-science.jar`: java.lang.NoClassDefFoundError: com/neo4j/gds/shaded/org/conscrypt/BufferAllocator
2025-11-19 10:08:36.309+0000 WARN  [o.n.k.a.p.GlobalProcedures] Failed to load `org.neo4j.gds.compat._44.InMemoryStorageEngineImpl` from plugin jar `/var/lib/neo4j/plugins/graph-data-science.jar`: java.lang.NoClassDefFoundError: org/neo4j/counts/CountsAccessor
2025-11-19 10:08:36.354+0000 WARN  [o.n.k.a.p.GlobalProcedures] Failed to load `com.opencsv.bean.BeanFieldJoinIntegerIndex` from plugin jar `/var/lib/neo4j/plugins/apoc.jar`: java.lang.NoClassDefFoundError: org/apache/commons/collections4/MultiValuedMap
2025-11-19 10:08:36.412+0000 WARN  [o.n.k.a.p.GlobalProcedures] Failed to load `org.neo4j.gds.compat._511.InMemoryVersionCheck` from plugin jar `/var/lib/neo4j/plugins/graph-data-science.jar`: java.lang.NoClassDefFoundError: org/neo4j/storageengine/api/StoreVersionCheck$MigrationCheckResult
2025-11-19 10:08:36.423+0000 WARN  [o.n.k.a.p.GlobalProcedures] Failed to load `com.neo4j.gds.metrics.CreatedGraphsMetric` from plugin jar `/var/lib/neo4j/plugins/graph-data-science.jar`: java.lang.NoClassDefFoundError: io/prometheus/client/SimpleCollector
2025-11-19 10:08:36.451+0000 WARN  [o.n.k.a.p.GlobalProcedures] Failed to load `org.neo4j.gds.compat._44.ScanBasedStoreScanImpl` from plugin jar `/var/lib/neo4j/plugins/graph-data-science.jar`: java.lang.NoClassDefFoundError: org/neo4j/internal/kernel/api/Scan
2025-11-19 10:08:36.471+0000 WARN  [o.n.k.a.p.GlobalProcedures] Failed to load `com.neo4j.gds.metrics.ShutdownFailureMetric` from plugin jar `/var/lib/neo4j/plugins/graph-data-science.jar`: java.lang.NoClassDefFoundError: io/prometheus/client/SimpleCollector
2025-11-19 10:08:36.500+0000 WARN  [o.n.k.a.p.GlobalProcedures] Failed to load `com.opencsv.bean.AbstractMappingStrategy` from plugin jar `/var/lib/neo4j/plugins/apoc.jar`: java.lang.NoClassDefFoundError: org/apache/commons/collections4/MultiValuedMap
2025-11-19 10:08:36.582+0000 WARN  [o.n.k.a.p.GlobalProcedures] Failed to load `com.neo4j.gds.shaded.io.netty.handler.ssl.ConscryptAlpnSslEngine` from plugin jar `/var/lib/neo4j/plugins/graph-data-science.jar`: java.lang.NoClassDefFoundError: com/neo4j/gds/shaded/org/conscrypt/AllocatedBuffer
2025-11-19 10:08:36.656+0000 WARN  [o.n.k.a.p.GlobalProcedures] Failed to load `com.neo4j.gds.shaded.io.netty.handler.ssl.JettyAlpnSslEngine$ClientEngine$1` from plugin jar `/var/lib/neo4j/plugins/graph-data-science.jar`: java.lang.NoClassDefFoundError: com/neo4j/gds/shaded/org/eclipse/jetty/alpn/ALPN$ClientProvider
2025-11-19 10:08:36.704+0000 WARN  [o.n.k.a.p.GlobalProcedures] Failed to load `com.neo4j.gds.metrics.PrometheusMetricWithTimer` from plugin jar `/var/lib/neo4j/plugins/graph-data-science.jar`: java.lang.NoClassDefFoundError: io/prometheus/client/Counter
2025-11-19 10:08:36.721+0000 WARN  [o.n.k.a.p.GlobalProcedures] Failed to load `com.neo4j.gds.shaded.io.netty.handler.codec.compression.Lz4FrameDecoder` from plugin jar `/var/lib/neo4j/plugins/graph-data-science.jar`: java.lang.NoClassDefFoundError: net/jpountz/lz4/LZ4Exception
2025-11-19 10:08:36.786+0000 WARN  [o.n.k.a.p.GlobalProcedures] Failed to load `com.neo4j.gds.core.write.CypherRelationshipStreamExporterBuilder` from plugin jar `/var/lib/neo4j/plugins/graph-data-science.jar`: java.lang.NoClassDefFoundError: com/neo4j/kernel/enterprise/api/security/EnterpriseLoginContext
2025-11-19 10:08:36.793+0000 WARN  [o.n.k.a.p.GlobalProcedures] Failed to load `com.neo4j.gds.metrics.RestoreFailureMetric` from plugin jar `/var/lib/neo4j/plugins/graph-data-science.jar`: java.lang.NoClassDefFoundError: io/prometheus/client/SimpleCollector
2025-11-19 10:08:36.812+0000 WARN  [o.n.k.a.p.GlobalProcedures] Failed to load `com.neo4j.gds.shaded.io.netty.handler.ssl.ConscryptAlpnSslEngine$ClientEngine` from plugin jar `/var/lib/neo4j/plugins/graph-data-science.jar`: java.lang.NoClassDefFoundError: com/neo4j/gds/shaded/org/conscrypt/BufferAllocator
2025-11-19 10:08:36.861+0000 WARN  [o.n.k.a.p.GlobalProcedures] Failed to load `apoc.util.s3.S3Aws$1` from plugin jar `/var/lib/neo4j/plugins/apoc.jar`: java.lang.NoClassDefFoundError: com/amazonaws/services/s3/model/S3ObjectInputStream
2025-11-19 10:08:36.896+0000 WARN  [o.n.k.a.p.GlobalProcedures] Failed to load `com.neo4j.gds.shaded.org.reflections.vfs.JbossFile` from plugin jar `/var/lib/neo4j/plugins/graph-data-science.jar`: java.lang.NoClassDefFoundError: com/neo4j/gds/shaded/org/jboss/vfs/VirtualFile
2025-11-19 10:08:36.898+0000 WARN  [o.n.k.a.p.GlobalProcedures] Failed to load `org.neo4j.gds.compat._44.TestLogImpl` from plugin jar `/var/lib/neo4j/plugins/graph-data-science.jar`: java.lang.NoClassDefFoundError: org/neo4j/logging/Logger
2025-11-19 10:08:36.922+0000 WARN  [o.n.k.a.p.GlobalProcedures] Failed to load `net.minidev.asm.ASMUtil` from plugin jar `/var/lib/neo4j/plugins/apoc.jar`: java.lang.NoClassDefFoundError: org/objectweb/asm/MethodVisitor
2025-11-19 10:08:36.934+0000 WARN  [o.n.k.a.p.GlobalProcedures] Failed to load `com.jayway.jsonpath.spi.json.JakartaJsonProvider$JsonObjectProxy$1` from plugin jar `/var/lib/neo4j/plugins/apoc.jar`: java.lang.NoClassDefFoundError: jakarta/json/JsonObject
2025-11-19 10:08:36.978+0000 WARN  [o.n.k.a.p.GlobalProcedures] Failed to load `com.neo4j.gds.ClusterExporterBuilderCatalog` from plugin jar `/var/lib/neo4j/plugins/graph-data-science.jar`: java.lang.NoClassDefFoundError: com/neo4j/kernel/enterprise/api/security/EnterpriseLoginContext
2025-11-19 10:08:37.004+0000 WARN  [o.n.k.a.p.GlobalProcedures] Failed to load `com.opencsv.bean.CsvToBeanBuilder` from plugin jar `/var/lib/neo4j/plugins/apoc.jar`: java.lang.NoClassDefFoundError: org/apache/commons/collections4/ListValuedMap
2025-11-19 10:08:37.023+0000 WARN  [o.n.k.a.p.GlobalProcedures] Failed to load `com.jayway.jsonpath.spi.json.JakartaJsonProvider$JsonArrayProxy` from plugin jar `/var/lib/neo4j/plugins/apoc.jar`: java.lang.NoClassDefFoundError: jakarta/json/JsonArray
2025-11-19 10:08:37.048+0000 WARN  [o.n.k.a.p.GlobalProcedures] Failed to load `com.neo4j.gds.shaded.org.reflections.vfs.JbossDir` from plugin jar `/var/lib/neo4j/plugins/graph-data-science.jar`: java.lang.NoClassDefFoundError: com/neo4j/gds/shaded/org/jboss/vfs/VirtualFile
2025-11-19 10:08:37.052+0000 WARN  [o.n.k.a.p.GlobalProcedures] Failed to load `apoc.util.hdfs.HDFSUtils` from plugin jar `/var/lib/neo4j/plugins/apoc.jar`: java.lang.NoClassDefFoundError: org/apache/hadoop/fs/FSDataOutputStream
2025-11-19 10:08:37.072+0000 WARN  [o.n.k.a.p.GlobalProcedures] Failed to load `com.neo4j.gds.shaded.io.netty.handler.codec.compression.BrotliEncoder` from plugin jar `/var/lib/neo4j/plugins/graph-data-science.jar`: java.lang.NoClassDefFoundError: com/neo4j/gds/shaded/com/aayushatharva/brotli4j/encoder/Encoder$Parameters
2025-11-19 10:08:37.074+0000 WARN  [o.n.k.a.p.GlobalProcedures] Failed to load `com.neo4j.gds.metrics.AuraBackupTimeMetric` from plugin jar `/var/lib/neo4j/plugins/graph-data-science.jar`: java.lang.NoClassDefFoundError: io/prometheus/client/SimpleCollector
2025-11-19 10:08:37.099+0000 WARN  [o.n.k.a.p.GlobalProcedures] Failed to load `com.neo4j.gds.shaded.io.netty.handler.codec.marshalling.LimitingByteInput` from plugin jar `/var/lib/neo4j/plugins/graph-data-science.jar`: java.lang.NoClassDefFoundError: com/neo4j/gds/shaded/org/jboss/marshalling/ByteInput
2025-11-19 10:08:37.121+0000 WARN  [o.n.k.a.p.GlobalProcedures] Failed to load `com.neo4j.gds.shaded.io.netty.handler.codec.marshalling.ThreadLocalUnmarshallerProvider` from plugin jar `/var/lib/neo4j/plugins/graph-data-science.jar`: java.lang.NoClassDefFoundError: com/neo4j/gds/shaded/org/jboss/marshalling/Unmarshaller
2025-11-19 10:08:37.169+0000 WARN  [o.n.k.a.p.GlobalProcedures] Failed to load `com.neo4j.gds.shaded.io.netty.util.internal.Hidden` from plugin jar `/var/lib/neo4j/plugins/graph-data-science.jar`: java.lang.NoClassDefFoundError: reactor/blockhound/integration/BlockHoundIntegration
2025-11-19 10:08:37.171+0000 WARN  [o.n.k.a.p.GlobalProcedures] Failed to load `com.opencsv.bean.concurrent.AccumulateCsvResults` from plugin jar `/var/lib/neo4j/plugins/apoc.jar`: java.lang.NoClassDefFoundError: org/apache/commons/collections4/ListValuedMap
2025-11-19 10:08:37.230+0000 WARN  [o.n.k.a.p.GlobalProcedures] Failed to load `com.neo4j.gds.shaded.io.netty.handler.ssl.ConscryptAlpnSslEngine$ClientEngine$1` from plugin jar `/var/lib/neo4j/plugins/graph-data-science.jar`: java.lang.NoClassDefFoundError: com/neo4j/gds/shaded/org/conscrypt/HandshakeListener
2025-11-19 10:08:37.255+0000 WARN  [o.n.k.a.p.GlobalProcedures] Failed to load `com.neo4j.gds.shaded.io.netty.handler.codec.marshalling.MarshallingDecoder` from plugin jar `/var/lib/neo4j/plugins/graph-data-science.jar`: java.lang.NoClassDefFoundError: com/neo4j/gds/shaded/org/jboss/marshalling/ByteInput
2025-11-19 10:08:37.280+0000 WARN  [o.n.k.a.p.GlobalProcedures] Failed to load `com.jayway.jsonpath.spi.json.JakartaJsonProvider` from plugin jar `/var/lib/neo4j/plugins/apoc.jar`: java.lang.NoClassDefFoundError: jakarta/json/JsonObject
2025-11-19 10:08:37.330+0000 WARN  [o.n.k.a.p.GlobalProcedures] Failed to load `com.opencsv.bean.FieldMapByPosition$1` from plugin jar `/var/lib/neo4j/plugins/apoc.jar`: java.lang.NoClassDefFoundError: org/apache/commons/collections4/iterators/LazyIteratorChain
2025-11-19 10:08:37.358+0000 WARN  [o.n.k.a.p.GlobalProcedures] Failed to load `com.neo4j.gds.shaded.io.netty.handler.codec.compression.BrotliOptions` from plugin jar `/var/lib/neo4j/plugins/graph-data-science.jar`: java.lang.NoClassDefFoundError: com/neo4j/gds/shaded/com/aayushatharva/brotli4j/encoder/Encoder$Parameters
2025-11-19 10:08:37.370+0000 WARN  [o.n.k.a.p.GlobalProcedures] Failed to load `com.neo4j.gds.metrics.procedures.PrometheusDeprecatedProceduresMetricRegistrar` from plugin jar `/var/lib/neo4j/plugins/graph-data-science.jar`: java.lang.NoClassDefFoundError: io/prometheus/client/Counter
2025-11-19 10:08:37.379+0000 WARN  [o.n.k.a.p.GlobalProcedures] Failed to load `com.neo4j.gds.shaded.javassist.util.HotSwapper` from plugin jar `/var/lib/neo4j/plugins/graph-data-science.jar`: java.lang.NoClassDefFoundError: com/neo4j/gds/shaded/com/sun/jdi/request/EventRequest
2025-11-19 10:08:37.394+0000 WARN  [o.n.k.a.p.GlobalProcedures] Failed to load `com.jayway.jsonpath.spi.json.JsonOrgJsonProvider` from plugin jar `/var/lib/neo4j/plugins/apoc.jar`: java.lang.NoClassDefFoundError: org/json/JSONException
2025-11-19 10:08:37.467+0000 WARN  [o.n.k.a.p.GlobalProcedures] Failed to load `apoc.util.s3.S3Aws` from plugin jar `/var/lib/neo4j/plugins/apoc.jar`: java.lang.NoClassDefFoundError: com/amazonaws/auth/AWSCredentials
2025-11-19 10:08:37.540+0000 WARN  [o.n.k.a.p.GlobalProcedures] Failed to load `com.opencsv.bean.concurrent.IntolerantThreadPoolExecutor` from plugin jar `/var/lib/neo4j/plugins/apoc.jar`: java.lang.NoClassDefFoundError: org/apache/commons/collections4/ListValuedMap
2025-11-19 10:08:37.548+0000 WARN  [o.n.k.a.p.GlobalProcedures] Failed to load `com.neo4j.gds.shaded.io.netty.handler.codec.marshalling.MarshallerProvider` from plugin jar `/var/lib/neo4j/plugins/graph-data-science.jar`: java.lang.NoClassDefFoundError: com/neo4j/gds/shaded/org/jboss/marshalling/Marshaller
2025-11-19 10:08:37.569+0000 WARN  [o.n.k.a.p.GlobalProcedures] Failed to load `com.neo4j.gds.shaded.io.netty.handler.codec.compression.ZstdDecoder` from plugin jar `/var/lib/neo4j/plugins/graph-data-science.jar`: java.lang.NoClassDefFoundError: com/neo4j/gds/shaded/com/github/luben/zstd/ZstdInputStreamNoFinalizer
2025-11-19 10:08:37.574+0000 WARN  [o.n.k.a.p.GlobalProcedures] Failed to load `com.neo4j.gds.metrics.ShutdownTimeMetric` from plugin jar `/var/lib/neo4j/plugins/graph-data-science.jar`: java.lang.NoClassDefFoundError: io/prometheus/client/SimpleCollector
2025-11-19 10:08:37.585+0000 WARN  [o.n.k.a.p.GlobalProcedures] Failed to load `com.opencsv.bean.customconverter.ConvertFrenchToBoolean` from plugin jar `/var/lib/neo4j/plugins/apoc.jar`: java.lang.NoClassDefFoundError: org/apache/commons/beanutils/ConversionException
2025-11-19 10:08:37.586+0000 WARN  [o.n.k.a.p.GlobalProcedures] Failed to load `com.jayway.jsonpath.spi.mapper.JakartaMappingProvider$JsonObjectScope` from plugin jar `/var/lib/neo4j/plugins/apoc.jar`: java.lang.NoClassDefFoundError: jakarta/json/JsonValue
2025-11-19 10:08:37.634+0000 WARN  [o.n.k.a.p.GlobalProcedures] Failed to load `com.neo4j.gds.shaded.com.fasterxml.jackson.databind.ext.DOMDeserializer` from plugin jar `/var/lib/neo4j/plugins/graph-data-science.jar`: java.lang.NoClassDefFoundError: com/neo4j/gds/shaded/org/w3c/dom/Document
2025-11-19 10:08:37.663+0000 WARN  [o.n.k.a.p.GlobalProcedures] Failed to load `com.neo4j.gds.shaded.io.netty.handler.codec.marshalling.ContextBoundUnmarshallerProvider` from plugin jar `/var/lib/neo4j/plugins/graph-data-science.jar`: java.lang.NoClassDefFoundError: com/neo4j/gds/shaded/org/jboss/marshalling/Unmarshaller
2025-11-19 10:08:37.679+0000 WARN  [o.n.k.a.p.GlobalProcedures] Failed to load `com.opencsv.bean.StatefulBeanToCsvBuilder` from plugin jar `/var/lib/neo4j/plugins/apoc.jar`: java.lang.NoClassDefFoundError: org/apache/commons/collections4/ListValuedMap
2025-11-19 10:08:37.724+0000 WARN  [o.n.k.a.p.GlobalProcedures] Failed to load `com.neo4j.gds.shaded.io.netty.handler.codec.compression.JZlibDecoder` from plugin jar `/var/lib/neo4j/plugins/graph-data-science.jar`: java.lang.NoClassDefFoundError: com/neo4j/gds/shaded/com/jcraft/jzlib/Inflater
2025-11-19 10:08:37.749+0000 WARN  [o.n.k.a.p.GlobalProcedures] Failed to load `apoc.util.s3.S3OutputStream$S3UploadManager` from plugin jar `/var/lib/neo4j/plugins/apoc.jar`: java.lang.NoClassDefFoundError: com/amazonaws/services/s3/AmazonS3
2025-11-19 10:08:37.761+0000 WARN  [o.n.k.a.p.GlobalProcedures] Failed to load `com.opencsv.bean.ConverterPrimitiveTypes` from plugin jar `/var/lib/neo4j/plugins/apoc.jar`: java.lang.NoClassDefFoundError: org/apache/commons/beanutils/ConversionException
2025-11-19 10:08:37.837+0000 WARN  [o.n.k.a.p.GlobalProcedures] Failed to load `com.jayway.jsonpath.spi.mapper.JakartaMappingProvider$JsonStructureScope` from plugin jar `/var/lib/neo4j/plugins/apoc.jar`: java.lang.NoClassDefFoundError: jakarta/json/JsonValue
2025-11-19 10:08:37.886+0000 WARN  [o.n.k.a.p.GlobalProcedures] Failed to load `com.neo4j.gds.shaded.com.fasterxml.jackson.databind.ext.DOMDeserializer$NodeDeserializer` from plugin jar `/var/lib/neo4j/plugins/graph-data-science.jar`: java.lang.NoClassDefFoundError: com/neo4j/gds/shaded/org/w3c/dom/Node
2025-11-19 10:08:37.941+0000 WARN  [o.n.k.a.p.GlobalProcedures] Failed to load `com.neo4j.gds.shaded.io.netty.handler.ssl.JettyAlpnSslEngine$ServerEngine$1` from plugin jar `/var/lib/neo4j/plugins/graph-data-science.jar`: java.lang.NoClassDefFoundError: com/neo4j/gds/shaded/org/eclipse/jetty/alpn/ALPN$ServerProvider
2025-11-19 10:08:37.942+0000 WARN  [o.n.k.a.p.GlobalProcedures] Failed to load `com.neo4j.gds.shaded.io.netty.handler.ssl.JettyAlpnSslEngine$ServerEngine` from plugin jar `/var/lib/neo4j/plugins/graph-data-science.jar`: java.lang.NoClassDefFoundError: com/neo4j/gds/shaded/org/eclipse/jetty/alpn/ALPN$Provider
2025-11-19 10:08:37.968+0000 WARN  [o.n.k.a.p.GlobalProcedures] Failed to load `com.opencsv.bean.HeaderColumnNameTranslateMappingStrategy` from plugin jar `/var/lib/neo4j/plugins/apoc.jar`: java.lang.NoClassDefFoundError: org/apache/commons/collections4/MultiValuedMap
2025-11-19 10:08:37.995+0000 WARN  [o.n.k.a.p.GlobalProcedures] Failed to load `com.opencsv.bean.MappingStrategy` from plugin jar `/var/lib/neo4j/plugins/apoc.jar`: java.lang.NoClassDefFoundError: org/apache/commons/collections4/MultiValuedMap
2025-11-19 10:08:38.012+0000 WARN  [o.n.k.a.p.GlobalProcedures] Failed to load `com.neo4j.gds.shaded.io.netty.handler.codec.marshalling.ChannelBufferByteOutput` from plugin jar `/var/lib/neo4j/plugins/graph-data-science.jar`: java.lang.NoClassDefFoundError: com/neo4j/gds/shaded/org/jboss/marshalling/ByteOutput
2025-11-19 10:08:38.023+0000 WARN  [o.n.k.a.p.GlobalProcedures] Failed to load `com.neo4j.gds.shaded.io.netty.handler.codec.compression.BrotliMode` from plugin jar `/var/lib/neo4j/plugins/graph-data-science.jar`: java.lang.NoClassDefFoundError: com/neo4j/gds/shaded/com/aayushatharva/brotli4j/encoder/Encoder$Mode
2025-11-19 10:08:38.064+0000 WARN  [o.n.k.a.p.GlobalProcedures] Failed to load `org.neo4j.gds.compat._44.Neo4jProxyImpl` from plugin jar `/var/lib/neo4j/plugins/graph-data-science.jar`: java.lang.NoClassDefFoundError: org/neo4j/internal/kernel/api/Scan
2025-11-19 10:08:38.065+0000 WARN  [o.n.k.a.p.GlobalProcedures] Failed to load `com.neo4j.gds.metrics.GdsMetric` from plugin jar `/var/lib/neo4j/plugins/graph-data-science.jar`: java.lang.NoClassDefFoundError: io/prometheus/client/SimpleCollector
2025-11-19 10:08:38.081+0000 WARN  [o.n.k.a.p.GlobalProcedures] Failed to load `com.neo4j.gds.metrics.AuraBackupFailureMetric$Listener` from plugin jar `/var/lib/neo4j/plugins/graph-data-science.jar`: java.lang.NoClassDefFoundError: io/prometheus/client/Counter
2025-11-19 10:08:38.118+0000 WARN  [o.n.k.a.p.GlobalProcedures] Failed to load `com.opencsv.bean.HeaderNameBaseMappingStrategy` from plugin jar `/var/lib/neo4j/plugins/apoc.jar`: java.lang.NoClassDefFoundError: org/apache/commons/collections4/MultiValuedMap
2025-11-19 10:08:38.136+0000 WARN  [o.n.k.a.p.GlobalProcedures] Failed to load `com.neo4j.gds.core.write.DefaultQueryRunner` from plugin jar `/var/lib/neo4j/plugins/graph-data-science.jar`: java.lang.NoClassDefFoundError: com/neo4j/kernel/enterprise/api/security/EnterpriseLoginContext
2025-11-19 10:08:38.150+0000 WARN  [o.n.k.a.p.GlobalProcedures] Failed to load `com.opencsv.bean.ColumnPositionMappingStrategy` from plugin jar `/var/lib/neo4j/plugins/apoc.jar`: java.lang.NoClassDefFoundError: org/apache/commons/collections4/MultiValuedMap
2025-11-19 10:08:38.191+0000 WARN  [o.n.k.a.p.GlobalProcedures] Failed to load `com.neo4j.gds.shaded.io.netty.util.internal.Hidden$NettyBlockHoundIntegration` from plugin jar `/var/lib/neo4j/plugins/graph-data-science.jar`: java.lang.NoClassDefFoundError: reactor/blockhound/integration/BlockHoundIntegration
2025-11-19 10:08:38.241+0000 WARN  [o.n.k.a.p.GlobalProcedures] Failed to load `com.neo4j.gds.core.write.CypherRelationshipPropertiesExporterBuilder` from plugin jar `/var/lib/neo4j/plugins/graph-data-science.jar`: java.lang.NoClassDefFoundError: com/neo4j/kernel/enterprise/api/security/EnterpriseLoginContext
2025-11-19 10:08:38.279+0000 WARN  [o.n.k.a.p.GlobalProcedures] Failed to load `com.neo4j.gds.shaded.io.netty.handler.ssl.ConscryptAlpnSslEngine$ServerEngine$1` from plugin jar `/var/lib/neo4j/plugins/graph-data-science.jar`: java.lang.NoClassDefFoundError: com/neo4j/gds/shaded/org/conscrypt/HandshakeListener
2025-11-19 10:08:38.408+0000 WARN  [o.n.k.a.p.GlobalProcedures] Failed to load `com.neo4j.gds.metrics.AuraBackupFailureMetric` from plugin jar `/var/lib/neo4j/plugins/graph-data-science.jar`: java.lang.NoClassDefFoundError: io/prometheus/client/SimpleCollector
2025-11-19 10:08:38.422+0000 WARN  [o.n.k.a.p.GlobalProcedures] Failed to load `com.neo4j.gds.metrics.algorithms.PrometheusMetricsForAlgorithmsProvider` from plugin jar `/var/lib/neo4j/plugins/graph-data-science.jar`: java.lang.NoClassDefFoundError: io/prometheus/client/Counter
2025-11-19 10:08:38.458+0000 WARN  [o.n.k.a.p.GlobalProcedures] Failed to load `com.opencsv.bean.HeaderColumnNameMappingStrategy` from plugin jar `/var/lib/neo4j/plugins/apoc.jar`: java.lang.NoClassDefFoundError: org/apache/commons/collections4/MultiValuedMap
2025-11-19 10:08:38.494+0000 WARN  [o.n.k.a.p.GlobalProcedures] Failed to load `com.neo4j.gds.shaded.io.netty.handler.codec.compression.StandardCompressionOptions` from plugin jar `/var/lib/neo4j/plugins/graph-data-science.jar`: java.lang.NoClassDefFoundError: com/neo4j/gds/shaded/com/aayushatharva/brotli4j/encoder/Encoder$Parameters
2025-11-19 10:08:38.505+0000 WARN  [o.n.k.a.p.GlobalProcedures] Failed to load `com.opencsv.bean.concurrent.LineExecutor` from plugin jar `/var/lib/neo4j/plugins/apoc.jar`: java.lang.NoClassDefFoundError: org/apache/commons/collections4/ListValuedMap
2025-11-19 10:08:38.554+0000 WARN  [o.n.k.a.p.GlobalProcedures] Failed to load `com.neo4j.gds.shaded.io.netty.handler.codec.marshalling.UnmarshallerProvider` from plugin jar `/var/lib/neo4j/plugins/graph-data-science.jar`: java.lang.NoClassDefFoundError: com/neo4j/gds/shaded/org/jboss/marshalling/Unmarshaller
2025-11-19 10:08:38.570+0000 WARN  [o.n.k.a.p.GlobalProcedures] Failed to load `com.neo4j.gds.shaded.io.netty.handler.codec.compression.Lz4FrameEncoder` from plugin jar `/var/lib/neo4j/plugins/graph-data-science.jar`: java.lang.NoClassDefFoundError: net/jpountz/lz4/LZ4Exception
2025-11-19 10:08:38.599+0000 WARN  [o.n.k.a.p.GlobalProcedures] Failed to load `com.neo4j.gds.shaded.io.netty.handler.ssl.ConscryptAlpnSslEngine$BufferAdapter` from plugin jar `/var/lib/neo4j/plugins/graph-data-science.jar`: java.lang.NoClassDefFoundError: com/neo4j/gds/shaded/org/conscrypt/AllocatedBuffer
2025-11-19 10:08:38.719+0000 WARN  [o.n.k.a.p.GlobalProcedures] Failed to load `org.neo4j.gds.compat._44.InMemoryVersionCheck` from plugin jar `/var/lib/neo4j/plugins/graph-data-science.jar`: java.lang.NoClassDefFoundError: org/neo4j/storageengine/api/StoreVersionCheck$Result
2025-11-19 10:08:38.750+0000 WARN  [o.n.k.a.p.GlobalProcedures] Failed to load `apoc.util.s3.S3URLConnection` from plugin jar `/var/lib/neo4j/plugins/apoc.jar`: java.lang.NoClassDefFoundError: com/amazonaws/ClientConfiguration
2025-11-19 10:08:38.760+0000 WARN  [o.n.k.a.p.GlobalProcedures] Failed to load `com.jayway.jsonpath.spi.json.JakartaJsonProvider$JsonObjectProxy` from plugin jar `/var/lib/neo4j/plugins/apoc.jar`: java.lang.NoClassDefFoundError: jakarta/json/JsonObject
2025-11-19 10:08:38.802+0000 WARN  [o.n.k.a.p.GlobalProcedures] Failed to load `com.neo4j.gds.shaded.io.netty.handler.codec.compression.LzfEncoder` from plugin jar `/var/lib/neo4j/plugins/graph-data-science.jar`: java.lang.NoClassDefFoundError: com/neo4j/gds/shaded/com/ning/compress/lzf/ChunkEncoder
2025-11-19 10:08:38.808+0000 WARN  [o.n.k.a.p.GlobalProcedures] Failed to load `com.neo4j.gds.shaded.io.netty.handler.codec.compression.BrotliDecoder` from plugin jar `/var/lib/neo4j/plugins/graph-data-science.jar`: java.lang.NoClassDefFoundError: com/neo4j/gds/shaded/com/aayushatharva/brotli4j/decoder/DecoderJNI$Wrapper
2025-11-19 10:08:38.855+0000 WARN  [o.n.k.a.p.GlobalProcedures] Failed to load `META-INF.versions.9.module-info` from plugin jar `/var/lib/neo4j/plugins/apoc.jar`: java.lang.NoClassDefFoundError: META-INF/versions/9/module-info is not a class because access_flag ACC_MODULE is set
2025-11-19 10:08:38.876+0000 WARN  [o.n.k.a.p.GlobalProcedures] Failed to load `com.neo4j.gds.shaded.com.fasterxml.jackson.databind.ext.DOMSerializer` from plugin jar `/var/lib/neo4j/plugins/graph-data-science.jar`: java.lang.NoClassDefFoundError: com/neo4j/gds/shaded/org/w3c/dom/Node
2025-11-19 10:08:38.887+0000 WARN  [o.n.k.a.p.GlobalProcedures] Failed to load `com.opencsv.bean.customconverter.ConverterLanguageToBoolean` from plugin jar `/var/lib/neo4j/plugins/apoc.jar`: java.lang.NoClassDefFoundError: org/apache/commons/beanutils/ConversionException
2025-11-19 10:08:38.913+0000 WARN  [o.n.k.a.p.GlobalProcedures] Failed to load `com.neo4j.gds.shaded.io.netty.handler.ssl.BouncyCastlePemReader` from plugin jar `/var/lib/neo4j/plugins/graph-data-science.jar`: java.lang.NoClassDefFoundError: com/neo4j/gds/shaded/org/bouncycastle/openssl/PEMParser
2025-11-19 10:08:38.922+0000 WARN  [o.n.k.a.p.GlobalProcedures] Failed to load `com.neo4j.gds.metrics.CreatedModelsMetric` from plugin jar `/var/lib/neo4j/plugins/graph-data-science.jar`: java.lang.NoClassDefFoundError: io/prometheus/client/SimpleCollector
2025-11-19 10:08:38.965+0000 WARN  [o.n.k.a.p.GlobalProcedures] Failed to load `com.neo4j.gds.shaded.io.netty.handler.codec.marshalling.ThreadLocalMarshallerProvider` from plugin jar `/var/lib/neo4j/plugins/graph-data-science.jar`: java.lang.NoClassDefFoundError: com/neo4j/gds/shaded/org/jboss/marshalling/Marshaller
2025-11-19 10:08:38.979+0000 WARN  [o.n.k.a.p.GlobalProcedures] Failed to load `com.neo4j.gds.shaded.org.apache.arrow.flight.impl.FlightServiceGrpc$FlightServiceBlockingV2Stub` from plugin jar `/var/lib/neo4j/plugins/graph-data-science.jar`: java.lang.NoClassDefFoundError: com/neo4j/gds/shaded/io/grpc/stub/BlockingClientCall
2025-11-19 10:08:39.017+0000 WARN  [o.n.k.a.p.GlobalProcedures] Failed to load `com.neo4j.gds.shaded.io.netty.util.internal.logging.CommonsLogger` from plugin jar `/var/lib/neo4j/plugins/graph-data-science.jar`: java.lang.NoClassDefFoundError: com/neo4j/gds/shaded/org/apache/commons/logging/Log
2025-11-19 10:08:39.018+0000 WARN  [o.n.k.a.p.GlobalProcedures] Failed to load `com.neo4j.gds.shaded.io.netty.handler.ssl.ConscryptAlpnSslEngine$BufferAllocatorAdapter` from plugin jar `/var/lib/neo4j/plugins/graph-data-science.jar`: java.lang.NoClassDefFoundError: com/neo4j/gds/shaded/org/conscrypt/BufferAllocator
2025-11-19 10:08:39.036+0000 WARN  [o.n.k.a.p.GlobalProcedures] Failed to load `com.jayway.jsonpath.spi.mapper.JakartaMappingProvider$JsonArrayScope` from plugin jar `/var/lib/neo4j/plugins/apoc.jar`: java.lang.NoClassDefFoundError: jakarta/json/JsonValue
2025-11-19 10:08:39.086+0000 WARN  [o.n.k.a.p.GlobalProcedures] Failed to load `com.neo4j.gds.shaded.io.netty.handler.ssl.JettyNpnSslEngine` from plugin jar `/var/lib/neo4j/plugins/graph-data-science.jar`: java.lang.NoClassDefFoundError: com/neo4j/gds/shaded/org/eclipse/jetty/npn/NextProtoNego$Provider
2025-11-19 10:08:39.090+0000 WARN  [o.n.k.a.p.GlobalProcedures] Failed to load `com.opencsv.bean.customconverter.ConvertGermanToBoolean` from plugin jar `/var/lib/neo4j/plugins/apoc.jar`: java.lang.NoClassDefFoundError: org/apache/commons/beanutils/ConversionException
2025-11-19 10:08:39.132+0000 WARN  [o.n.k.a.p.GlobalProcedures] Failed to load `apoc.util.google.cloud.GCStorageURLConnection` from plugin jar `/var/lib/neo4j/plugins/apoc.jar`: java.lang.NoClassDefFoundError: com/google/cloud/storage/Storage
2025-11-19 10:08:39.204+0000 WARN  [o.n.k.a.p.GlobalProcedures] Failed to load `com.neo4j.gds.metrics.ShutdownTimeMetric$Listener` from plugin jar `/var/lib/neo4j/plugins/graph-data-science.jar`: java.lang.NoClassDefFoundError: io/prometheus/client/Histogram
2025-11-19 10:08:39.205+0000 WARN  [o.n.k.a.p.GlobalProcedures] Failed to load `com.neo4j.gds.metrics.AuraBackupTimeMetric$Listener` from plugin jar `/var/lib/neo4j/plugins/graph-data-science.jar`: java.lang.NoClassDefFoundError: io/prometheus/client/Histogram
2025-11-19 10:08:39.207+0000 WARN  [o.n.k.a.p.GlobalProcedures] Failed to load `com.neo4j.gds.metrics.PrometheusExecutionMetricRegistrar` from plugin jar `/var/lib/neo4j/plugins/graph-data-science.jar`: java.lang.NoClassDefFoundError: io/prometheus/client/Counter
2025-11-19 10:08:39.226+0000 WARN  [o.n.k.a.p.GlobalProcedures] Failed to load `com.neo4j.gds.shaded.com.fasterxml.jackson.databind.ext.DOMDeserializer$DocumentDeserializer` from plugin jar `/var/lib/neo4j/plugins/graph-data-science.jar`: java.lang.NoClassDefFoundError: com/neo4j/gds/shaded/org/w3c/dom/Document
2025-11-19 10:08:39.227+0000 WARN  [o.n.k.a.p.GlobalProcedures] Failed to load `com.neo4j.gds.shaded.io.netty.handler.codec.compression.Lz4XXHash32` from plugin jar `/var/lib/neo4j/plugins/graph-data-science.jar`: java.lang.NoClassDefFoundError: net/jpountz/xxhash/XXHash32
2025-11-19 10:08:39.248+0000 WARN  [o.n.k.a.p.GlobalProcedures] Failed to load `org.neo4j.gds.compat._512.InMemoryVersionCheck` from plugin jar `/var/lib/neo4j/plugins/graph-data-science.jar`: java.lang.NoClassDefFoundError: org/neo4j/storageengine/api/StoreVersionCheck$MigrationCheckResult
2025-11-19 10:08:39.250+0000 WARN  [o.n.k.a.p.GlobalProcedures] Failed to load `com.neo4j.gds.shaded.io.netty.handler.codec.compression.ZlibUtil` from plugin jar `/var/lib/neo4j/plugins/graph-data-science.jar`: java.lang.NoClassDefFoundError: com/neo4j/gds/shaded/com/jcraft/jzlib/Inflater
2025-11-19 10:08:39.264+0000 WARN  [o.n.k.a.p.GlobalProcedures] Failed to load `org.neo4j.gds.compat._44.Neo4jProxyImpl$8` from plugin jar `/var/lib/neo4j/plugins/graph-data-science.jar`: java.lang.NoClassDefFoundError: org/neo4j/common/DependencyResolver$Adapter
2025-11-19 10:08:39.266+0000 WARN  [o.n.k.a.p.GlobalProcedures] Failed to load `org.neo4j.gds.compat._511.Neo4jProxyImpl$2` from plugin jar `/var/lib/neo4j/plugins/graph-data-science.jar`: java.lang.NoClassDefFoundError: org/neo4j/common/DependencyResolver$Adapter
2025-11-19 10:08:39.296+0000 WARN  [o.n.k.a.p.GlobalProcedures] Failed to load `com.opencsv.bean.FuzzyMappingStrategy` from plugin jar `/var/lib/neo4j/plugins/apoc.jar`: java.lang.NoClassDefFoundError: org/apache/commons/collections4/MultiValuedMap
2025-11-19 10:08:39.303+0000 WARN  [o.n.k.a.p.GlobalProcedures] Failed to load `com.neo4j.gds.shaded.io.netty.handler.codec.marshalling.CompatibleMarshallingEncoder` from plugin jar `/var/lib/neo4j/plugins/graph-data-science.jar`: java.lang.NoClassDefFoundError: com/neo4j/gds/shaded/org/jboss/marshalling/ByteOutput
2025-11-19 10:08:39.306+0000 WARN  [o.n.k.a.p.GlobalProcedures] Failed to load `com.neo4j.gds.shaded.io.netty.handler.ssl.util.BouncyCastleSelfSignedCertGenerator` from plugin jar `/var/lib/neo4j/plugins/graph-data-science.jar`: java.lang.NoClassDefFoundError: com/neo4j/gds/shaded/org/bouncycastle/cert/X509v3CertificateBuilder
2025-11-19 10:08:39.341+0000 WARN  [o.n.k.a.p.GlobalProcedures] Failed to load `com.neo4j.gds.shaded.io.netty.handler.codec.marshalling.ChannelBufferByteInput` from plugin jar `/var/lib/neo4j/plugins/graph-data-science.jar`: java.lang.NoClassDefFoundError: com/neo4j/gds/shaded/org/jboss/marshalling/ByteInput
2025-11-19 10:08:39.467+0000 WARN  [o.n.k.a.p.GlobalProcedures] Failed to load `com.jayway.jsonpath.spi.mapper.JakartaMappingProvider$JsonStructureToParserAdapter` from plugin jar `/var/lib/neo4j/plugins/apoc.jar`: java.lang.NoClassDefFoundError: jakarta/json/stream/JsonParser
2025-11-19 10:08:39.471+0000 WARN  [o.n.k.a.p.GlobalProcedures] Failed to load `com.neo4j.gds.shaded.io.netty.handler.codec.compression.BrotliEncoder$Writer` from plugin jar `/var/lib/neo4j/plugins/graph-data-science.jar`: java.lang.NoClassDefFoundError: com/neo4j/gds/shaded/com/aayushatharva/brotli4j/encoder/BrotliEncoderChannel
2025-11-19 10:08:39.508+0000 WARN  [o.n.k.a.p.GlobalProcedures] Failed to load `com.neo4j.gds.ClusterExporterBuilderCatalog$DelegatingEnterpriseLoginContext` from plugin jar `/var/lib/neo4j/plugins/graph-data-science.jar`: java.lang.NoClassDefFoundError: com/neo4j/kernel/enterprise/api/security/EnterpriseLoginContext
2025-11-19 10:08:39.516+0000 WARN  [o.n.k.a.p.GlobalProcedures] Failed to load `com.opencsv.bean.StatefulBeanToCsv` from plugin jar `/var/lib/neo4j/plugins/apoc.jar`: java.lang.NoClassDefFoundError: org/apache/commons/collections4/MultiValuedMap
2025-11-19 10:08:39.583+0000 WARN  [o.n.k.a.p.GlobalProcedures] Failed to load `com.neo4j.gds.core.write.CypherRelationshipExporterBuilder` from plugin jar `/var/lib/neo4j/plugins/graph-data-science.jar`: java.lang.NoClassDefFoundError: com/neo4j/kernel/enterprise/api/security/EnterpriseLoginContext
2025-11-19 10:08:39.602+0000 WARN  [o.n.k.a.p.GlobalProcedures] Failed to load `com.neo4j.gds.shaded.io.netty.util.internal.logging.Log4JLogger` from plugin jar `/var/lib/neo4j/plugins/graph-data-science.jar`: java.lang.NoClassDefFoundError: com/neo4j/gds/shaded/org/apache/log4j/Priority
2025-11-19 10:08:39.606+0000 WARN  [o.n.k.a.p.GlobalProcedures] Failed to load `org.neo4j.gds.compat._44.InMemoryStorageEngineFactory` from plugin jar `/var/lib/neo4j/plugins/graph-data-science.jar`: java.lang.NoClassDefFoundError: org/neo4j/storageengine/migration/RollingUpgradeCompatibility
2025-11-19 10:08:39.668+0000 WARN  [o.n.k.a.p.GlobalProcedures] Failed to load `com.jayway.jsonpath.spi.mapper.JakartaMappingProvider` from plugin jar `/var/lib/neo4j/plugins/apoc.jar`: java.lang.NoClassDefFoundError: jakarta/json/stream/JsonParser
2025-11-19 10:08:39.679+0000 WARN  [o.n.k.a.p.GlobalProcedures] Failed to load `com.neo4j.gds.shaded.io.netty.handler.ssl.JettyAlpnSslEngine$ClientEngine` from plugin jar `/var/lib/neo4j/plugins/graph-data-science.jar`: java.lang.NoClassDefFoundError: com/neo4j/gds/shaded/org/eclipse/jetty/alpn/ALPN$Provider
2025-11-19 10:08:39.701+0000 WARN  [o.n.k.a.p.GlobalProcedures] Failed to load `com.neo4j.gds.metrics.RestoreFailureMetric$Listener` from plugin jar `/var/lib/neo4j/plugins/graph-data-science.jar`: java.lang.NoClassDefFoundError: io/prometheus/client/Counter
2025-11-19 10:08:39.785+0000 WARN  [o.n.k.a.p.GlobalProcedures] Failed to load `com.neo4j.gds.core.write.CypherRelationshipStreamExporter` from plugin jar `/var/lib/neo4j/plugins/graph-data-science.jar`: java.lang.NoClassDefFoundError: com/neo4j/kernel/enterprise/api/security/EnterpriseLoginContext
2025-11-19 10:08:39.790+0000 WARN  [o.n.k.a.p.GlobalProcedures] Failed to load `com.neo4j.gds.shaded.io.netty.util.internal.logging.Log4J2Logger` from plugin jar `/var/lib/neo4j/plugins/graph-data-science.jar`: java.lang.NoClassDefFoundError: com/neo4j/gds/shaded/org/apache/logging/log4j/spi/ExtendedLoggerWrapper
2025-11-19 10:08:39.813+0000 WARN  [o.n.k.a.p.GlobalProcedures] Failed to load `com.neo4j.gds.shaded.org.reflections.serializers.XmlSerializer` from plugin jar `/var/lib/neo4j/plugins/graph-data-science.jar`: java.lang.NoClassDefFoundError: com/neo4j/gds/shaded/org/dom4j/Document
2025-11-19 10:08:39.825+0000 WARN  [o.n.k.a.p.GlobalProcedures] Failed to load `com.neo4j.gds.metrics.ShutdownFailureMetric$Listener` from plugin jar `/var/lib/neo4j/plugins/graph-data-science.jar`: java.lang.NoClassDefFoundError: io/prometheus/client/Counter
2025-11-19 10:08:39.842+0000 WARN  [o.n.k.a.p.GlobalProcedures] Failed to load `com.neo4j.gds.shaded.io.netty.handler.codec.marshalling.CompatibleMarshallingDecoder` from plugin jar `/var/lib/neo4j/plugins/graph-data-science.jar`: java.lang.NoClassDefFoundError: com/neo4j/gds/shaded/org/jboss/marshalling/ByteInput
2025-11-19 10:08:40.808+0000 WARN  [o.n.k.a.p.GlobalProcedures] Use of @Procedure(deprecatedBy) without @Deprecated in apoc.convert.toTree
2025-11-19 10:08:40.918+0000 INFO  [o.n.k.i.a.i.IndexPopulationJob] [system/00000000] Index population started: [Index( id=3, name='constraint_798238d6', type='RANGE', schema=(:DatabaseName {name, namespace}), indexProvider='range-1.0' )]
2025-11-19 10:08:40.937+0000 INFO  [o.n.k.i.a.i.IndexPopulationJob] [system/00000000] Index creation finished for index [Index( id=3, name='constraint_798238d6', type='RANGE', schema=(:DatabaseName {name, namespace}), indexProvider='range-1.0' )].
2025-11-19 10:08:40.952+0000 INFO  [o.n.k.i.a.i.IndexPopulationJob] [system/00000000] Index population started: [Index( id=4, name='constraint_8014b60a', type='RANGE', schema=(:Database {name}), indexProvider='range-1.0' )]
2025-11-19 10:08:40.958+0000 INFO  [o.n.k.i.a.i.IndexPopulationJob] [system/00000000] Index creation finished for index [Index( id=4, name='constraint_8014b60a', type='RANGE', schema=(:Database {name}), indexProvider='range-1.0' )].
2025-11-19 10:08:40.971+0000 INFO  [o.n.k.i.a.i.IndexingService] [system/00000000] Constraint Index( id=3, name='constraint_798238d6', type='RANGE', schema=(:Label[1] {PropertyKey[11], PropertyKey[12]}), indexProvider='range-1.0' ) is ONLINE.
2025-11-19 10:08:40.971+0000 INFO  [o.n.k.i.a.i.IndexingService] [system/00000000] Constraint Index( id=4, name='constraint_8014b60a', type='RANGE', schema=(:Label[2] {PropertyKey[11]}), indexProvider='range-1.0' ) is ONLINE.
2025-11-19 10:08:41.068+0000 INFO  [o.n.k.i.a.i.IndexPopulationJob] [system/00000000] Index population started: [Index( id=7, name='constraint_5789ae3', type='RANGE', schema=(:User {name}), indexProvider='range-1.0' )]
2025-11-19 10:08:41.072+0000 INFO  [o.n.k.i.a.i.IndexPopulationJob] [system/00000000] Index creation finished for index [Index( id=7, name='constraint_5789ae3', type='RANGE', schema=(:User {name}), indexProvider='range-1.0' )].
2025-11-19 10:08:41.082+0000 INFO  [o.n.k.i.a.i.IndexPopulationJob] [system/00000000] Index population started: [Index( id=8, name='constraint_74fad970', type='RANGE', schema=(:User {id}), indexProvider='range-1.0' )]
2025-11-19 10:08:41.088+0000 INFO  [o.n.k.i.a.i.IndexPopulationJob] [system/00000000] Index creation finished for index [Index( id=8, name='constraint_74fad970', type='RANGE', schema=(:User {id}), indexProvider='range-1.0' )].
2025-11-19 10:08:41.091+0000 INFO  [o.n.k.i.a.i.IndexingService] [system/00000000] Constraint Index( id=7, name='constraint_5789ae3', type='RANGE', schema=(:Label[3] {PropertyKey[11]}), indexProvider='range-1.0' ) is ONLINE.
2025-11-19 10:08:41.091+0000 INFO  [o.n.k.i.a.i.IndexingService] [system/00000000] Constraint Index( id=8, name='constraint_74fad970', type='RANGE', schema=(:Label[3] {PropertyKey[26]}), indexProvider='range-1.0' ) is ONLINE.
2025-11-19 10:08:41.092+0000 INFO  [o.n.s.s.s.UserSecurityGraphComponent] Initializing system graph model for component 'security-users' with version -1 and status UNINITIALIZED
2025-11-19 10:08:41.099+0000 INFO  [o.n.s.s.s.UserSecurityGraphComponent] Setting up initial user from `auth.ini` file: neo4j
2025-11-19 10:08:41.100+0000 INFO  [o.n.s.s.a.CommunitySecurityModule] CREATE USER neo4j PASSWORD ****** CHANGE NOT REQUIRED
2025-11-19 10:08:41.103+0000 INFO  [o.n.s.s.s.UserSecurityGraphComponent] Setting version for 'security-users' to 4
2025-11-19 10:08:41.104+0000 INFO  [o.n.s.s.s.UserSecurityGraphComponent] After initialization of system graph model component 'security-users' have version 4 and status CURRENT
2025-11-19 10:08:41.106+0000 INFO  [o.n.s.s.s.UserSecurityGraphComponent] Performing postInitialization step for component 'security-users' with version 4 and status CURRENT
2025-11-19 10:08:41.109+0000 INFO  [o.n.d.d.DatabaseLifecycles] Creating 'DatabaseId{f5265a88[neo4j]}'.
2025-11-19 10:08:41.110+0000 INFO  [o.n.d.d.DatabaseLifecycles] Starting 'DatabaseId{f5265a88[neo4j]}'.
2025-11-19 10:08:41.121+0000 INFO  [o.n.k.i.s.f.RecordFormatSelector] [neo4j/f5265a88] Selected configured format for store /data/databases/neo4j: RecordFormat:PageAlignedV5_0[aligned-1.1]
2025-11-19 10:08:41.142+0000 INFO  [o.n.i.d.DiagnosticsManager] [neo4j/f5265a88] 
                                                                [neo4j/f5265a88] ********************************************************************************
                                                                [neo4j/f5265a88]                               [ Database: neo4j ]                               
                                                                [neo4j/f5265a88] ********************************************************************************
                                                                [neo4j/f5265a88] --------------------------------------------------------------------------------
                                                                [neo4j/f5265a88]                                   [ Version ]                                   
                                                                [neo4j/f5265a88] --------------------------------------------------------------------------------
                                                                [neo4j/f5265a88] DBMS: community record-aligned-1.1
                                                                [neo4j/f5265a88] Kernel version: 5.20.0
                                                                [neo4j/f5265a88] 
                                                                [neo4j/f5265a88] --------------------------------------------------------------------------------
                                                                [neo4j/f5265a88]                                 [ Store files ]                                 
                                                                [neo4j/f5265a88] --------------------------------------------------------------------------------
                                                                [neo4j/f5265a88] Disk space on partition (Total / Free / Free %): 245107195904 / 41433489408 / 16
                                                                [neo4j/f5265a88] Storage files stored on file store: fakeowner
                                                                [neo4j/f5265a88] Storage files: (filename : modification date - size)
                                                                [neo4j/f5265a88]   neostore: 2025-11-19 10:08:41.133+0000 - 8.000KiB
                                                                [neo4j/f5265a88]   neostore.counts.db: 2025-11-19 10:08:41.134+0000 - 0B
                                                                [neo4j/f5265a88]   neostore.indexstats.db: 2025-11-19 10:08:41.134+0000 - 0B
                                                                [neo4j/f5265a88]   neostore.labeltokenstore.db: 2025-11-19 10:08:41.131+0000 - 0B
                                                                [neo4j/f5265a88]   neostore.labeltokenstore.db.id: 2025-11-19 10:08:41.131+0000 - 0B
                                                                [neo4j/f5265a88]   neostore.labeltokenstore.db.names: 2025-11-19 10:08:41.131+0000 - 8.000KiB
                                                                [neo4j/f5265a88]   neostore.labeltokenstore.db.names.id: 2025-11-19 10:08:41.130+0000 - 0B
                                                                [neo4j/f5265a88]   neostore.nodestore.db: 2025-11-19 10:08:41.124+0000 - 0B
                                                                [neo4j/f5265a88]   neostore.nodestore.db.id: 2025-11-19 10:08:41.123+0000 - 0B
                                                                [neo4j/f5265a88]   neostore.nodestore.db.labels: 2025-11-19 10:08:41.123+0000 - 8.000KiB
                                                                [neo4j/f5265a88]   neostore.nodestore.db.labels.id: 2025-11-19 10:08:41.122+0000 - 0B
                                                                [neo4j/f5265a88]   neostore.propertystore.db: 2025-11-19 10:08:41.128+0000 - 0B
                                                                [neo4j/f5265a88]   neostore.propertystore.db.arrays: 2025-11-19 10:08:41.127+0000 - 8.000KiB
                                                                [neo4j/f5265a88]   neostore.propertystore.db.arrays.id: 2025-11-19 10:08:41.127+0000 - 0B
                                                                [neo4j/f5265a88]   neostore.propertystore.db.id: 2025-11-19 10:08:41.127+0000 - 0B
                                                                [neo4j/f5265a88]   neostore.propertystore.db.index: 2025-11-19 10:08:41.126+0000 - 0B
                                                                [neo4j/f5265a88]   neostore.propertystore.db.index.id: 2025-11-19 10:08:41.125+0000 - 0B
                                                                [neo4j/f5265a88]   neostore.propertystore.db.index.keys: 2025-11-19 10:08:41.125+0000 - 8.000KiB
                                                                [neo4j/f5265a88]   neostore.propertystore.db.index.keys.id: 2025-11-19 10:08:41.124+0000 - 0B
                                                                [neo4j/f5265a88]   neostore.propertystore.db.strings: 2025-11-19 10:08:41.126+0000 - 8.000KiB
                                                                [neo4j/f5265a88]   neostore.propertystore.db.strings.id: 2025-11-19 10:08:41.126+0000 - 0B
                                                                [neo4j/f5265a88]   neostore.relationshipgroupstore.db: 2025-11-19 10:08:41.133+0000 - 8.000KiB
                                                                [neo4j/f5265a88]   neostore.relationshipgroupstore.db.id: 2025-11-19 10:08:41.132+0000 - 0B
                                                                [neo4j/f5265a88]   neostore.relationshipgroupstore.degrees.db: 2025-11-19 10:08:41.134+0000 - 0B
                                                                [neo4j/f5265a88]   neostore.relationshipstore.db: 2025-11-19 10:08:41.128+0000 - 0B
                                                                [neo4j/f5265a88]   neostore.relationshipstore.db.id: 2025-11-19 10:08:41.128+0000 - 0B
                                                                [neo4j/f5265a88]   neostore.relationshiptypestore.db: 2025-11-19 10:08:41.130+0000 - 0B
                                                                [neo4j/f5265a88]   neostore.relationshiptypestore.db.id: 2025-11-19 10:08:41.129+0000 - 0B
                                                                [neo4j/f5265a88]   neostore.relationshiptypestore.db.names: 2025-11-19 10:08:41.129+0000 - 8.000KiB
                                                                [neo4j/f5265a88]   neostore.relationshiptypestore.db.names.id: 2025-11-19 10:08:41.129+0000 - 0B
                                                                [neo4j/f5265a88]   neostore.schemastore.db: 2025-11-19 10:08:41.132+0000 - 8.000KiB
                                                                [neo4j/f5265a88]   neostore.schemastore.db.id: 2025-11-19 10:08:41.132+0000 - 0B
                                                                [neo4j/f5265a88] Storage summary: 
                                                                [neo4j/f5265a88]   Total size of store: 72.00KiB
                                                                [neo4j/f5265a88]   Total size of mapped files: 72.00KiB
                                                                [neo4j/f5265a88] 
                                                                [neo4j/f5265a88] --------------------------------------------------------------------------------
                                                                [neo4j/f5265a88]                               [ Transaction log ]                               
                                                                [neo4j/f5265a88] --------------------------------------------------------------------------------
                                                                [neo4j/f5265a88] Transaction log files stored on file store: fakeowner
                                                                [neo4j/f5265a88] Transaction log metadata:
                                                                [neo4j/f5265a88]  - current kernel version used in transactions: V5_20
                                                                [neo4j/f5265a88]  - last committed transaction id: 1
                                                                [neo4j/f5265a88] Transaction log files:
                                                                [neo4j/f5265a88]  - existing transaction log versions: -1--1
                                                                [neo4j/f5265a88]  - no transactions found
                                                                [neo4j/f5265a88] Checkpoint log files:
                                                                [neo4j/f5265a88]  - existing checkpoint log versions: -1--1
                                                                [neo4j/f5265a88]  - no checkpoints found
                                                                [neo4j/f5265a88] 
                                                                [neo4j/f5265a88] --------------------------------------------------------------------------------
                                                                [neo4j/f5265a88]                                   [ Id usage ]                                  
                                                                [neo4j/f5265a88] --------------------------------------------------------------------------------
                                                                [neo4j/f5265a88] ArrayPropertyStore[neostore.nodestore.db.labels]: used=1 high=0
                                                                [neo4j/f5265a88] NodeStore[neostore.nodestore.db]: used=0 high=-1
                                                                [neo4j/f5265a88] StringPropertyStore[neostore.propertystore.db.index.keys]: used=1 high=0
                                                                [neo4j/f5265a88] PropertyIndexStore[neostore.propertystore.db.index]: used=0 high=-1
                                                                [neo4j/f5265a88] StringPropertyStore[neostore.propertystore.db.strings]: used=1 high=0
                                                                [neo4j/f5265a88] ArrayPropertyStore[neostore.propertystore.db.arrays]: used=1 high=0
                                                                [neo4j/f5265a88] PropertyStore[neostore.propertystore.db]: used=0 high=-1
                                                                [neo4j/f5265a88] RelationshipStore[neostore.relationshipstore.db]: used=0 high=-1
                                                                [neo4j/f5265a88] StringPropertyStore[neostore.relationshiptypestore.db.names]: used=1 high=0
                                                                [neo4j/f5265a88] RelationshipTypeStore[neostore.relationshiptypestore.db]: used=0 high=-1
                                                                [neo4j/f5265a88] StringPropertyStore[neostore.labeltokenstore.db.names]: used=1 high=0
                                                                [neo4j/f5265a88] LabelTokenStore[neostore.labeltokenstore.db]: used=0 high=-1
                                                                [neo4j/f5265a88] SchemaStore[neostore.schemastore.db]: used=1 high=0
                                                                [neo4j/f5265a88] RelationshipGroupStore[neostore.relationshipgroupstore.db]: used=1 high=0
                                                                [neo4j/f5265a88] NeoStore[neostore]: used=-1 high=-1
                                                                [neo4j/f5265a88] 
                                                                [neo4j/f5265a88] --------------------------------------------------------------------------------
                                                                [neo4j/f5265a88]                                   [ Metadata ]                                  
                                                                [neo4j/f5265a88] --------------------------------------------------------------------------------
                                                                [neo4j/f5265a88] EXTERNAL_STORE_UUID (Database identifier exposed as external store identity. Generated on creation and never updated): 94119648-947f-457d-8545-81038ebd2c80
                                                                [neo4j/f5265a88] DATABASE_ID (The last used DatabaseId for this database): null
                                                                [neo4j/f5265a88] LEGACY_STORE_VERSION (Legacy store format version. This field is used from 5.0 onwards only to distinguish non-migrated pre 5.0 metadata stores.): -3523014627327384477
                                                                [neo4j/f5265a88] STORE_ID (Store ID): StoreId{creationTime=1763546921133, random=8516675170755814844, storageEngineName='record', formatName='aligned', majorVersion=1, minorVersion=1}
                                                                [neo4j/f5265a88] 
2025-11-19 10:08:41.143+0000 INFO  [o.n.k.a.DatabaseAvailabilityGuard] [neo4j/f5265a88] Requirement `Database unavailable` makes database neo4j unavailable.
2025-11-19 10:08:41.143+0000 INFO  [o.n.k.a.DatabaseAvailabilityGuard] [neo4j/f5265a88] DatabaseId{f5265a88[neo4j]} is unavailable.
2025-11-19 10:08:41.146+0000 WARN  [o.n.k.i.s.MetaDataStore] [neo4j/f5265a88] Missing counts store, rebuilding it.
2025-11-19 10:08:41.146+0000 WARN  [o.n.k.i.s.MetaDataStore] [neo4j/f5265a88] Counts store rebuild completed.
2025-11-19 10:08:41.210+0000 INFO  [o.n.k.d.Database] [neo4j/f5265a88] Starting transaction log [/data/transactions/neo4j/neostore.transaction.db.0] at version=0
2025-11-19 10:08:41.213+0000 INFO  [o.n.k.d.Database] [neo4j/f5265a88] Starting transaction log [/data/transactions/neo4j/checkpoint.0] at version=0
2025-11-19 10:08:41.215+0000 INFO  [o.n.k.i.t.l.f.c.CheckpointLogFile] [neo4j/f5265a88] Scanning log file with version 0 for checkpoint entries
2025-11-19 10:08:41.222+0000 INFO  [o.n.k.a.DatabaseAvailabilityGuard] [neo4j/f5265a88] Fulfilling of requirement 'Database unavailable' makes database neo4j available.
2025-11-19 10:08:41.222+0000 INFO  [o.n.k.a.DatabaseAvailabilityGuard] [neo4j/f5265a88] DatabaseId{f5265a88[neo4j]} is ready.
2025-11-19 10:08:41.225+0000 INFO  [o.n.k.i.a.i.IndexPopulationJob] [neo4j/f5265a88] Index population started: [Index( id=2, name='index_f7700477', type='LOOKUP', schema=()-[:<any-types>]-(), indexProvider='token-lookup-1.0' )]
2025-11-19 10:08:41.229+0000 INFO  [o.n.k.i.a.i.IndexPopulationJob] [neo4j/f5265a88] Index creation finished for index [Index( id=2, name='index_f7700477', type='LOOKUP', schema=()-[:<any-types>]-(), indexProvider='token-lookup-1.0' )].
2025-11-19 10:08:41.230+0000 INFO  [o.n.k.i.a.i.IndexPopulationJob] [neo4j/f5265a88] Index population started: [Index( id=1, name='index_343aff4e', type='LOOKUP', schema=(:<any-labels>), indexProvider='token-lookup-1.0' )]
2025-11-19 10:08:41.234+0000 INFO  [o.n.k.i.a.i.IndexPopulationJob] [neo4j/f5265a88] Index creation finished for index [Index( id=1, name='index_343aff4e', type='LOOKUP', schema=(:<any-labels>), indexProvider='token-lookup-1.0' )].
2025-11-19 10:08:41.236+0000 INFO  [o.n.k.i.t.l.c.CheckPointerImpl] [neo4j/f5265a88] Checkpoint triggered by "Database init completed." @ txId: 3 checkpoint started...
2025-11-19 10:08:41.247+0000 INFO  [o.n.k.i.t.l.c.CheckPointerImpl] [neo4j/f5265a88] Checkpoint triggered by "Database init completed." @ txId: 3 checkpoint completed in 11ms. Checkpoint flushed 74 pages (0% of total available pages), in 58 IOs. Checkpoint performed with IO limit: unlimited, paused in total 0 times( 0 millis).
2025-11-19 10:08:41.247+0000 INFO  [o.n.k.i.t.l.p.LogPruningImpl] [neo4j/f5265a88] No log version pruned. The strategy used was '2 days 2147483648 size'. 
2025-11-19 10:08:41.248+0000 INFO  [o.n.u.UserDataCollector] Anonymous Usage Data is being sent to Neo4j, see https://neo4j.com/docs/usage_data/
2025-11-19 10:08:41.346+0000 INFO  [o.n.b.p.c.c.n.SocketNettyConnector] Bolt enabled on 0.0.0.0:7687.
2025-11-19 10:08:41.348+0000 WARN  [i.n.b.ServerBootstrap] Unknown channel option 'SO_REUSEADDR' for channel '[id: 0x5784ecfe]'
2025-11-19 10:08:41.351+0000 INFO  [o.n.b.BoltServer] Bolt server started
2025-11-19 10:08:41.351+0000 INFO  [o.n.s.A.ServerComponentsLifecycleAdapter] Starting web server
2025-11-19 10:08:41.723+0000 INFO  [o.n.s.CommunityNeoWebServer] HTTP enabled on 0.0.0.0:7474.
2025-11-19 10:08:41.723+0000 INFO  [o.n.s.CommunityNeoWebServer] Remote interface available at http://localhost:7474/
2025-11-19 10:08:41.723+0000 INFO  [o.n.s.A.ServerComponentsLifecycleAdapter] Web server started.
2025-11-19 10:08:41.725+0000 INFO  [o.n.g.f.DatabaseManagementServiceFactory] id: AC6B122B08D07A02DB73E9F5B69A7A9808697ED609F8EBD5F2F04F885580CF39
2025-11-19 10:08:41.725+0000 INFO  [o.n.g.f.DatabaseManagementServiceFactory] name: system
2025-11-19 10:08:41.725+0000 INFO  [o.n.g.f.DatabaseManagementServiceFactory] creationDate: 2025-11-19T10:08:34.371Z
2025-11-19 10:23:34.858+0000 INFO  [o.n.k.i.t.l.c.CheckPointerImpl] [system/00000000] Checkpoint triggered by "Scheduled checkpoint for every 15 minutes threshold" @ txId: 37 checkpoint started...
2025-11-19 10:23:34.940+0000 INFO  [o.n.k.i.t.l.c.CheckPointerImpl] [system/00000000] Checkpoint triggered by "Scheduled checkpoint for every 15 minutes threshold" @ txId: 37 checkpoint completed in 76ms. Checkpoint flushed 69 pages (0% of total available pages), in 69 IOs. Checkpoint performed with IO limit: unlimited, paused in total 0 times( 0 millis).
2025-11-19 10:23:34.940+0000 INFO  [o.n.k.i.t.l.p.LogPruningImpl] [system/00000000] No log version pruned. The strategy used was '2 days 2147483648 size'. 
2025-11-19 10:26:10.413+0000 INFO  [o.n.g.f.DatabaseManagementServiceFactory] Shutdown started
2025-11-19 10:26:10.515+0000 INFO  [o.n.b.BoltServer] Requested Bolt server shutdown
2025-11-19 10:26:10.517+0000 INFO  [o.n.b.p.c.c.ConnectionRegistry] Stopping remaining idle connections for connector bolt-local
2025-11-19 10:26:10.517+0000 INFO  [o.n.b.p.c.c.ConnectionRegistry] Stopped 0 idling connections for connector bolt-local
2025-11-19 10:26:10.519+0000 INFO  [o.n.b.p.c.c.ConnectionRegistry] Stopping remaining idle connections for connector bolt
2025-11-19 10:26:10.522+0000 INFO  [o.n.b.p.c.c.ConnectionRegistry] Stopped 2 idling connections for connector bolt
2025-11-19 10:26:10.526+0000 INFO  [o.n.d.d.DatabaseLifecycles] Stopping 'DatabaseId{f5265a88[neo4j]}'.
2025-11-19 10:26:10.556+0000 INFO  [o.n.k.a.DatabaseAvailabilityGuard] [neo4j/f5265a88] Requirement `Database unavailable` makes database neo4j unavailable.
2025-11-19 10:26:10.556+0000 INFO  [o.n.k.a.DatabaseAvailabilityGuard] [neo4j/f5265a88] DatabaseId{f5265a88[neo4j]} is unavailable.
2025-11-19 10:26:10.566+0000 INFO  [o.n.k.d.Database] [neo4j/f5265a88] Waiting for closing transactions.
2025-11-19 10:26:10.570+0000 INFO  [o.n.k.d.Database] [neo4j/f5265a88] All transactions are closed.
2025-11-19 10:26:10.571+0000 INFO  [o.n.k.i.t.l.c.CheckPointerImpl] [neo4j/f5265a88] Checkpoint triggered by "Database shutdown" @ txId: 3 checkpoint started...
2025-11-19 10:26:10.665+0000 INFO  [o.n.k.i.t.l.c.CheckPointerImpl] [neo4j/f5265a88] Checkpoint triggered by "Database shutdown" @ txId: 3 checkpoint completed in 93ms. Checkpoint flushed 22 pages (0% of total available pages), in 22 IOs. Checkpoint performed with IO limit: unlimited, paused in total 0 times( 0 millis).
2025-11-19 10:26:10.665+0000 INFO  [o.n.k.i.t.l.p.LogPruningImpl] [neo4j/f5265a88] No log version pruned. The strategy used was '2 days 2147483648 size'. 
2025-11-19 10:26:10.712+0000 INFO  [o.n.d.d.DatabaseLifecycles] Stopped 'DatabaseId{f5265a88[neo4j]}' successfully.
2025-11-19 10:26:10.712+0000 INFO  [o.n.d.d.DatabaseLifecycles] Stopping 'DatabaseId{00000000[system]}'.
2025-11-19 10:26:10.719+0000 INFO  [o.n.k.a.DatabaseAvailabilityGuard] [system/00000000] Requirement `Database unavailable` makes database system unavailable.
2025-11-19 10:26:10.719+0000 INFO  [o.n.k.a.DatabaseAvailabilityGuard] [system/00000000] DatabaseId{00000000[system]} is unavailable.
2025-11-19 10:26:10.720+0000 INFO  [o.n.k.d.Database] [system/00000000] Waiting for closing transactions.
2025-11-19 10:26:10.720+0000 INFO  [o.n.k.d.Database] [system/00000000] All transactions are closed.
2025-11-19 10:26:10.720+0000 INFO  [o.n.k.i.t.l.c.CheckPointerImpl] [system/00000000] Checkpoint triggered by "Database shutdown" @ txId: 37 checkpoint started...
2025-11-19 10:26:10.760+0000 INFO  [o.n.k.i.t.l.c.CheckPointerImpl] [system/00000000] Checkpoint triggered by "Database shutdown" @ txId: 37 checkpoint completed in 39ms. Checkpoint flushed 27 pages (0% of total available pages), in 26 IOs. Checkpoint performed with IO limit: unlimited, paused in total 0 times( 0 millis).
2025-11-19 10:26:10.760+0000 INFO  [o.n.k.i.t.l.p.LogPruningImpl] [system/00000000] No log version pruned. The strategy used was '2 days 2147483648 size'. 
2025-11-19 10:26:10.788+0000 INFO  [o.n.d.d.DatabaseLifecycles] Stopped 'DatabaseId{00000000[system]}' successfully.
2025-11-19 10:26:10.791+0000 INFO  [o.n.b.BoltServer] Shutting down Bolt server
2025-11-19 10:26:10.791+0000 INFO  [o.n.b.p.c.c.ConnectionRegistry] Stopping 0 connections for connector bolt-local
2025-11-19 10:26:10.792+0000 INFO  [o.n.b.p.c.c.ConnectionRegistry] Stopped all remaining connections for connector bolt-local
2025-11-19 10:26:10.792+0000 INFO  [o.n.b.p.c.c.ConnectionRegistry] Stopping 0 connections for connector bolt
2025-11-19 10:26:10.792+0000 INFO  [o.n.b.p.c.c.ConnectionRegistry] Stopped all remaining connections for connector bolt
2025-11-19 10:26:15.603+0000 INFO  [o.n.b.BoltServer] Bolt server has been shut down
2025-11-19 10:26:42.387+0000 INFO  [o.n.g.f.m.GlobalModule] Logging config in use: File '/var/lib/neo4j/conf/server-logs.xml'
2025-11-19 10:26:42.572+0000 INFO  [o.n.i.d.DiagnosticsManager] 
                                                                ********************************************************************************
                                                                                             [ System diagnostics ]                             
                                                                ********************************************************************************
                                                                --------------------------------------------------------------------------------
                                                                                         [ System memory information ]                          
                                                                --------------------------------------------------------------------------------
                                                                Total Physical memory: 3.828GiB
                                                                Free Physical memory: 1.506GiB
                                                                Committed virtual memory: 5.711GiB
                                                                Total swap space: 1024MiB
                                                                Free swap space: 1024MiB
                                                                
                                                                --------------------------------------------------------------------------------
                                                                                           [ JVM memory information ]                           
                                                                --------------------------------------------------------------------------------
                                                                Free  memory: 986.4MiB
                                                                Total memory: 1.000GiB
                                                                Max   memory: 2.000GiB
                                                                Garbage Collector: G1 Young Generation: [G1 Eden Space, G1 Survivor Space, G1 Old Gen]
                                                                Garbage Collector: G1 Old Generation: [G1 Eden Space, G1 Survivor Space, G1 Old Gen]
                                                                Memory Pool: CodeHeap 'non-nmethods' (Non-heap memory): committed=2.438MiB, used=1.206MiB, max=5.570MiB, threshold=0B
                                                                Memory Pool: Metaspace (Non-heap memory): committed=22.13MiB, used=21.80MiB, max=-1B, threshold=0B
                                                                Memory Pool: CodeHeap 'profiled nmethods' (Non-heap memory): committed=5.750MiB, used=5.729MiB, max=117.2MiB, threshold=0B
                                                                Memory Pool: Compressed Class Space (Non-heap memory): committed=2.563MiB, used=2.387MiB, max=1.000GiB, threshold=0B
                                                                Memory Pool: G1 Eden Space (Heap memory): committed=643.0MiB, used=5.000MiB, max=-1B, threshold=?
                                                                Memory Pool: G1 Old Gen (Heap memory): committed=379.0MiB, used=30.88MiB, max=2.000GiB, threshold=0B
                                                                Memory Pool: G1 Survivor Space (Heap memory): committed=2.000MiB, used=1.690MiB, max=-1B, threshold=?
                                                                Memory Pool: CodeHeap 'non-profiled nmethods' (Non-heap memory): committed=2.438MiB, used=1.658MiB, max=117.2MiB, threshold=0B
                                                                
                                                                --------------------------------------------------------------------------------
                                                                                        [ Operating system information ]                        
                                                                --------------------------------------------------------------------------------
                                                                Operating System: Linux; version: 6.10.14-linuxkit; arch: aarch64; cpus: 8
                                                                Max number of file descriptors: 1048576
                                                                Number of open file descriptors: 241
                                                                Process id: 7
                                                                Byte order: LITTLE_ENDIAN
                                                                Local timezone: Etc/UTC
                                                                Memory page size: 4096
                                                                Unaligned memory access allowed: true
                                                                
                                                                --------------------------------------------------------------------------------
                                                                                              [ JVM information ]                               
                                                                --------------------------------------------------------------------------------
                                                                VM Name: OpenJDK 64-Bit Server VM
                                                                VM Vendor: Eclipse Adoptium
                                                                VM Version: 17.0.11+9
                                                                JIT compiler: HotSpot 64-Bit Tiered Compilers
                                                                VM Arguments: [-XX:+UseG1GC, -XX:-OmitStackTraceInFastThrow, -XX:+AlwaysPreTouch, -XX:+UnlockExperimentalVMOptions, -XX:+TrustFinalNonStaticFields, -XX:+DisableExplicitGC, -Djdk.nio.maxCachedBufferSize=1024, -Dio.netty.tryReflectionSetAccessible=true, -Djdk.tls.ephemeralDHKeySize=2048, -Djdk.tls.rejectClientInitiatedRenegotiation=true, -XX:FlightRecorderOptions=stackdepth=256, -XX:+UnlockDiagnosticVMOptions, -XX:+DebugNonSafepoints, --add-opens=java.base/java.nio=ALL-UNNAMED, --add-opens=java.base/java.io=ALL-UNNAMED, --add-opens=java.base/sun.nio.ch=ALL-UNNAMED, -Dlog4j2.disable.jmx=true, -Dfile.encoding=UTF-8, -Xms1048576k, -Xmx2097152k]
                                                                
                                                                --------------------------------------------------------------------------------
                                                                                               [ Java classpath ]                               
                                                                --------------------------------------------------------------------------------
                                                                 [classpath] /var/lib/neo4j/lib/cypher-ast-factory-5.20.0.jar
                                                                 [classpath] /var/lib/neo4j/lib/neo4j-rewriting-5.20.0.jar
                                                                 [classpath] /var/lib/neo4j/lib/jackson-jaxrs-json-provider-2.17.0.jar
                                                                 [classpath] /var/lib/neo4j/lib/jetty-alpn-server-10.0.20.jar
                                                                 [classpath] /var/lib/neo4j/lib/neo4j-cypher-expression-evaluator-5.20.0.jar
                                                                 [classpath] /var/lib/neo4j/lib/jaxb-runtime-2.3.2.jar
                                                                 [classpath] /var/lib/neo4j/lib/neo4j-lock-5.20.0.jar
                                                                 [classpath] /var/lib/neo4j/lib/neo4j-layout-5.20.0.jar
                                                                 [classpath] /var/lib/neo4j/lib/neo4j-schema-5.20.0.jar
                                                                 [classpath] /var/lib/neo4j/lib/neo4j-kernel-api-5.20.0.jar
                                                                 [classpath] /var/lib/neo4j/lib/neo4j-cypher-dsl-2023.9.5.jar
                                                                 [classpath] /var/lib/neo4j/lib/neo4j-cypher-interpreted-runtime-5.20.0.jar
                                                                 [classpath] /var/lib/neo4j/lib/netty-tcnative-boringssl-static-2.0.65.Final-osx-aarch_64.jar
                                                                 [classpath] /var/lib/neo4j/lib/jersey-container-servlet-2.34.jar
                                                                 [classpath] /var/lib/neo4j/lib/caffeine-3.1.8.jar
                                                                 [classpath] /var/lib/neo4j/lib/magnolia_2.13-1.1.8.jar
                                                                 [classpath] /var/lib/neo4j/lib/scala-library-2.13.11.jar
                                                                 [classpath] /var/lib/neo4j/lib/lucene-core-9.10.0.jar
                                                                 [classpath] /var/lib/neo4j/lib/neo4j-consistency-check-5.20.0.jar
                                                                 [classpath] /var/lib/neo4j/lib/neo4j-cypher-5.20.0.jar
                                                                 [classpath] /var/lib/neo4j/lib/neo4j-push-to-cloud-5.20.0.jar
                                                                 [classpath] /var/lib/neo4j/lib/lucene-analysis-common-9.10.0.jar
                                                                 [classpath] /var/lib/neo4j/lib/jetty-io-10.0.20.jar
                                                                 [classpath] /var/lib/neo4j/lib/jetty-servlet-10.0.20.jar
                                                                 [classpath] /var/lib/neo4j/lib/neo4j-common-5.20.0.jar
                                                                 [classpath] /var/lib/neo4j/conf/*
                                                                 [classpath] /var/lib/neo4j/lib/neo4j-collections-5.20.0.jar
                                                                 [classpath] /var/lib/neo4j/lib/WMI4Java-1.6.3.jar
                                                                 [classpath] /var/lib/neo4j/lib/jakarta.xml.bind-api-2.3.2.jar
                                                                 [classpath] /var/lib/neo4j/lib/jProcesses-1.6.5.jar
                                                                 [classpath] /var/lib/neo4j/lib/jackson-annotations-2.17.0.jar
                                                                 [classpath] /var/lib/neo4j/lib/neo4j-configuration-5.20.0.jar
                                                                 [classpath] /var/lib/neo4j/lib/neo4j-util-5.20.0.jar
                                                                 [classpath] /var/lib/neo4j/lib/hk2-locator-2.6.1.jar
                                                                 [classpath] /var/lib/neo4j/lib/neo4j-index-5.20.0.jar
                                                                 [classpath] /var/lib/neo4j/lib/neo4j-cypher-macros-5.20.0.jar
                                                                 [classpath] /var/lib/neo4j/lib/neo4j-fabric-5.20.0.jar
                                                                 [classpath] /var/lib/neo4j/lib/neo4j-ssl-5.20.0.jar
                                                                 [classpath] /var/lib/neo4j/lib/neo4j-cypher-antlr-parser-5.20.0.jar
                                                                 [classpath] /var/lib/neo4j/lib/commons-io-2.16.0.jar
                                                                 [classpath] /var/lib/neo4j/lib/neo4j-udc-5.20.0.jar
                                                                 [classpath] /var/lib/neo4j/lib/netty-transport-native-epoll-4.1.109.Final-linux-x86_64.jar
                                                                 [classpath] /var/lib/neo4j/lib/eclipse-collections-api-11.1.0.jar
                                                                 [classpath] /var/lib/neo4j/lib/zstd-proxy-5.20.0.jar
                                                                 [classpath] /var/lib/neo4j/lib/jersey-container-servlet-core-2.34.jar
                                                                 [classpath] /var/lib/neo4j/lib/netty-codec-http2-4.1.109.Final.jar
                                                                 [classpath] /var/lib/neo4j/lib/jansi-2.4.0.jar
                                                                 [classpath] /var/lib/neo4j/lib/jetty-xml-10.0.20.jar
                                                                 [classpath] /var/lib/neo4j/lib/zstd-jni-1.5.6-2.jar
                                                                 [classpath] /var/lib/neo4j/lib/netty-transport-4.1.109.Final.jar
                                                                 [classpath] /var/lib/neo4j/lib/jline-terminal-3.21.0.jar
                                                                 [classpath] /var/lib/neo4j/lib/grpc-protobuf-lite-1.62.2.jar
                                                                 [classpath] /var/lib/neo4j/lib/arrow-format-15.0.2.jar
                                                                 [classpath] /var/lib/neo4j/lib/netty-common-4.1.109.Final.jar
                                                                 [classpath] /var/lib/neo4j/lib/neo4j-security-5.20.0.jar
                                                                 [classpath] /var/lib/neo4j/lib/commons-logging-1.3.0.jar
                                                                 [classpath] /var/lib/neo4j/lib/guava-33.1.0-jre.jar
                                                                 [classpath] /var/lib/neo4j/lib/netty-transport-native-kqueue-4.1.109.Final-osx-x86_64.jar
                                                                 [classpath] /var/lib/neo4j/lib/kiama_2.13-2.5.1.jar
                                                                 [classpath] /var/lib/neo4j/lib/jakarta.ws.rs-api-2.1.6.jar
                                                                 [classpath] /var/lib/neo4j/lib/neo4j-notifications-5.20.0.jar
                                                                 [classpath] /var/lib/neo4j/lib/neo4j-cypher-config-5.20.0.jar
                                                                 [classpath] /var/lib/neo4j/lib/commons-compress-1.26.1.jar
                                                                 [classpath] /var/lib/neo4j/lib/neo4j-cypher-physical-planning-5.20.0.jar
                                                                 [classpath] /var/lib/neo4j/lib/neo4j-import-tool-5.20.0.jar
                                                                 [classpath] /var/lib/neo4j/lib/istack-commons-runtime-3.0.8.jar
                                                                 [classpath] /var/lib/neo4j/lib/netty-codec-socks-4.1.109.Final.jar
                                                                 [classpath] /var/lib/neo4j/lib/jetty-servlet-api-4.0.6.jar
                                                                 [classpath] /var/lib/neo4j/lib/eclipse-collections-11.1.0.jar
                                                                 [classpath] /var/lib/neo4j/lib/shiro-cache-2.0.0.jar
                                                                 [classpath] /var/lib/neo4j/lib/neo4j-bootcheck-5.20.0.jar
                                                                 [classpath] /var/lib/neo4j/lib/netty-resolver-4.1.109.Final.jar
                                                                 [classpath] /var/lib/neo4j/lib/neo4j-browser-5.15.0.jar
                                                                 [classpath] /var/lib/neo4j/lib/neo4j-ast-5.20.0.jar
                                                                 [classpath] /var/lib/neo4j/lib/gson-2.10.1.jar
                                                                 [classpath] /var/lib/neo4j/lib/jakarta.validation-api-2.0.2.jar
                                                                 [classpath] /var/lib/neo4j/lib/shiro-crypto-hash-2.0.0.jar
                                                                 [classpath] /var/lib/neo4j/lib/shiro-hashes-argon2-2.0.0.jar
                                                                 [classpath] /var/lib/neo4j/lib/grpc-api-1.62.2.jar
                                                                 [classpath] /var/lib/neo4j/lib/antlr4-runtime-4.13.1.jar
                                                                 [classpath] /var/lib/neo4j/lib/hk2-utils-2.6.1.jar
                                                                 [classpath] /var/lib/neo4j/lib/http2-common-10.0.20.jar
                                                                 [classpath] /var/lib/neo4j/lib/stax-ex-1.8.1.jar
                                                                 [classpath] /var/lib/neo4j/lib/txw2-2.3.2.jar
                                                                 [classpath] /var/lib/neo4j/lib/jetty-webapp-10.0.20.jar
                                                                 [classpath] /var/lib/neo4j/lib/commons-lang3-3.14.0.jar
                                                                 [classpath] /var/lib/neo4j/lib/cypher-shell-5.20.0.jar
                                                                 [classpath] /var/lib/neo4j/lib/netty-tcnative-boringssl-static-2.0.65.Final.jar
                                                                 [classpath] /var/lib/neo4j/lib/log4j-api-2.20.0.jar
                                                                 [classpath] /var/lib/neo4j/lib/grpc-context-1.62.2.jar
                                                                 [classpath] /var/lib/neo4j/lib/ipaddress-5.5.0.jar
                                                                 [classpath] /var/lib/neo4j/lib/neo4j-record-storage-engine-5.20.0.jar
                                                                 [classpath] /var/lib/neo4j/lib/argparse4j-0.9.0.jar
                                                                 [classpath] /var/lib/neo4j/lib/log4j-core-2.20.0.jar
                                                                 [classpath] /var/lib/neo4j/lib/neo4j-cypher-planner-5.20.0.jar
                                                                 [classpath] /var/lib/neo4j/lib/neo4j-logging-5.20.0.jar
                                                                 [classpath] /var/lib/neo4j/lib/jetty-http-10.0.20.jar
                                                                 [classpath] /var/lib/neo4j/lib/neo4j-values-5.20.0.jar
                                                                 [classpath] /var/lib/neo4j/lib/commons-configuration2-2.10.1.jar
                                                                 [classpath] /var/lib/neo4j/lib/jetty-util-10.0.20.jar
                                                                 [classpath] /var/lib/neo4j/lib/neo4j-procedure-api-5.20.0.jar
                                                                 [classpath] /var/lib/neo4j/lib/neo4j-procedure-5.20.0.jar
                                                                 [classpath] /var/lib/neo4j/lib/neo4j-exceptions-5.20.0.jar
                                                                 [classpath] /var/lib/neo4j/lib/jackson-module-jaxb-annotations-2.17.0.jar
                                                                 [classpath] /var/lib/neo4j/lib/jetty-server-10.0.20.jar
                                                                 [classpath] /var/lib/neo4j/lib/arrow-memory-netty-15.0.2.jar
                                                                 [classpath] /var/lib/neo4j/lib/server-api-5.20.0.jar
                                                                 [classpath] /var/lib/neo4j/lib/neo4j-cypher-antlr-parser-listener-5.20.0.jar
                                                                 [classpath] /var/lib/neo4j/lib/cypher-literal-interpreter-5.20.0.jar
                                                                 [classpath] /var/lib/neo4j/lib/netty-transport-native-unix-common-4.1.109.Final.jar
                                                                 [classpath] /var/lib/neo4j/lib/neo4j-command-line-5.20.0.jar
                                                                 [classpath] /var/lib/neo4j/lib/grpc-protobuf-1.62.2.jar
                                                                 [classpath] /var/lib/neo4j/lib/neo4j-wal-5.20.0.jar
                                                                 [classpath] /var/lib/neo4j/lib/commons-codec-1.16.1.jar
                                                                 [classpath] /var/lib/neo4j/lib/neo4j-front-end-5.20.0.jar
                                                                 [classpath] /var/lib/neo4j/lib/neo4j-query-router-5.20.0.jar
                                                                 [classpath] /var/lib/neo4j/lib/scala-collection-contrib_2.13-0.3.0.jar
                                                                 [classpath] /var/lib/neo4j/lib/animal-sniffer-annotations-1.23.jar
                                                                 [classpath] /var/lib/neo4j/lib/grpc-netty-1.62.2.jar
                                                                 [classpath] /var/lib/neo4j/lib/neo4j-gql-status-5.20.0.jar
                                                                 [classpath] /var/lib/neo4j/lib/netty-tcnative-boringssl-static-2.0.65.Final-linux-aarch_64.jar
                                                                 [classpath] /var/lib/neo4j/lib/neo4j-monitoring-5.20.0.jar
                                                                 [classpath] /var/lib/neo4j/lib/jersey-client-2.34.jar
                                                                 [classpath] /var/lib/neo4j/lib/jetty-security-10.0.20.jar
                                                                 [classpath] /var/lib/neo4j/lib/jctools-core-4.0.3.jar
                                                                 [classpath] /var/lib/neo4j/lib/jersey-hk2-2.34.jar
                                                                 [classpath] /var/lib/neo4j/lib/proto-google-common-protos-2.29.0.jar
                                                                 [classpath] /var/lib/neo4j/lib/netty-transport-classes-kqueue-4.1.109.Final.jar
                                                                 [classpath] /var/lib/neo4j/lib/neo4j-storage-engine-util-5.20.0.jar
                                                                 [classpath] /var/lib/neo4j/lib/jPowerShell-3.0.jar
                                                                 [classpath] /var/lib/neo4j/lib/netty-handler-4.1.109.Final.jar
                                                                 [classpath] /var/lib/neo4j/lib/neo4j-java-driver-5.20.0.jar
                                                                 [classpath] /var/lib/neo4j/lib/neo4j-server-5.20.0.jar
                                                                 [classpath] /var/lib/neo4j/lib/reactive-streams-1.0.4.jar
                                                                 [classpath] /var/lib/neo4j/lib/neo4j-codegen-5.20.0.jar
                                                                 [classpath] /var/lib/neo4j/lib/javassist-3.25.0-GA.jar
                                                                 [classpath] /var/lib/neo4j/lib/neo4j-cypher-logical-plans-5.20.0.jar
                                                                 [classpath] /var/lib/neo4j/lib/neo4j-cloud-5.20.0.jar
                                                                 [classpath] /var/lib/neo4j/lib/neo4j-bolt-5.20.0.jar
                                                                 [classpath] /var/lib/neo4j/lib/netty-tcnative-boringssl-static-2.0.65.Final-osx-x86_64.jar
                                                                 [classpath] /var/lib/neo4j/lib/neo4j-cypher-rendering-5.20.0.jar
                                                                 [classpath] /var/lib/neo4j/lib/neo4j-native-5.20.0.jar
                                                                 [classpath] /var/lib/neo4j/lib/listenablefuture-9999.0-empty-to-avoid-conflict-with-guava.jar
                                                                 [classpath] /var/lib/neo4j/lib/picocli-4.7.5.jar
                                                                 [classpath] /var/lib/neo4j/lib/failureaccess-1.0.2.jar
                                                                 [classpath] /var/lib/neo4j/lib/neo4j-cypher-ast-factory-5.20.0.jar
                                                                 [classpath] /var/lib/neo4j/lib/neo4j-token-api-5.20.0.jar
                                                                 [classpath] /var/lib/neo4j/lib/flight-core-15.0.2.jar
                                                                 [classpath] /var/lib/neo4j/lib/http2-hpack-10.0.20.jar
                                                                 [classpath] /var/lib/neo4j/lib/neo4j-concurrent-5.20.0.jar
                                                                 [classpath] /var/lib/neo4j/lib/netty-tcnative-boringssl-static-2.0.65.Final-windows-x86_64.jar
                                                                 [classpath] /var/lib/neo4j/lib/neo4j-lucene-index-5.20.0.jar
                                                                 [classpath] /var/lib/neo4j/lib/neo4j-expressions-5.20.0.jar
                                                                 [classpath] /var/lib/neo4j/lib/netty-transport-classes-epoll-4.1.109.Final.jar
                                                                 [classpath] /var/lib/neo4j/lib/jersey-common-2.34.jar
                                                                 [classpath] /var/lib/neo4j/lib/neo4j-slf4j-provider-5.20.0.jar
                                                                 [classpath] /var/lib/neo4j/lib/neo4j-graph-algo-5.20.0.jar
                                                                 [classpath] /var/lib/neo4j/lib/http2-server-10.0.20.jar
                                                                 [classpath] /var/lib/neo4j/lib/neo4j-cypher-javacc-parser-5.20.0.jar
                                                                 [classpath] /var/lib/neo4j/lib/neo4j-cypher-cst-factory-5.20.0.jar
                                                                 [classpath] /var/lib/neo4j/lib/neo4j-resource-5.20.0.jar
                                                                 [classpath] /var/lib/neo4j/lib/grpc-core-1.62.2.jar
                                                                 [classpath] /var/lib/neo4j/lib/shiro-crypto-core-2.0.0.jar
                                                                 [classpath] /var/lib/neo4j/lib/grpc-stub-1.62.2.jar
                                                                 [classpath] /var/lib/neo4j/lib/jna-5.14.0.jar
                                                                 [classpath] /var/lib/neo4j/lib/commons-text-1.11.0.jar
                                                                 [classpath] /var/lib/neo4j/lib/lucene-backward-codecs-9.10.0.jar
                                                                 [classpath] /var/lib/neo4j/lib/protobuf-java-3.25.2.jar
                                                                 [classpath] /var/lib/neo4j/lib/jline-terminal-jansi-3.21.0.jar
                                                                 [classpath] /var/lib/neo4j/lib/netty-handler-proxy-4.1.109.Final.jar
                                                                 [classpath] /var/lib/neo4j/lib/hk2-api-2.6.1.jar
                                                                 [classpath] /var/lib/neo4j/lib/netty-codec-4.1.109.Final.jar
                                                                 [classpath] /var/lib/neo4j/lib/arrow-vector-15.0.2.jar
                                                                 [classpath] /var/lib/neo4j/lib/jackson-datatype-jsr310-2.16.0.jar
                                                                 [classpath] /var/lib/neo4j/lib/neo4j-spatial-index-5.20.0.jar
                                                                 [classpath] /var/lib/neo4j/lib/shiro-core-2.0.0.jar
                                                                 [classpath] /var/lib/neo4j/lib/jsr305-3.0.2.jar
                                                                 [classpath] /var/lib/neo4j/lib/jackson-core-2.17.0.jar
                                                                 [classpath] /var/lib/neo4j/lib/shiro-lang-2.0.0.jar
                                                                 [classpath] /var/lib/neo4j/lib/jakarta.activation-api-1.2.2.jar
                                                                 [classpath] /var/lib/neo4j/lib/grpc-util-1.62.2.jar
                                                                 [classpath] /var/lib/neo4j/lib/neo4j-id-generator-5.20.0.jar
                                                                 [classpath] /var/lib/neo4j/lib/jetty-alpn-java-server-10.0.20.jar
                                                                 [classpath] /var/lib/neo4j/lib/neo4j-io-5.20.0.jar
                                                                 [classpath] /var/lib/neo4j/lib/annotations-5.20.0.jar
                                                                 [classpath] /var/lib/neo4j/lib/jackson-databind-2.17.0.jar
                                                                 [classpath] /var/lib/neo4j/lib/neo4j-dbms-5.20.0.jar
                                                                 [classpath] /var/lib/neo4j/lib/jettison-1.5.4.jar
                                                                 [classpath] /var/lib/neo4j/lib/jackson-jaxrs-base-2.17.0.jar
                                                                 [classpath] /var/lib/neo4j/lib/jakarta.inject-2.6.1.jar
                                                                 [classpath] /var/lib/neo4j/lib/netty-tcnative-classes-2.0.65.Final.jar
                                                                 [classpath] /var/lib/neo4j/lib/slf4j-api-2.0.9.jar
                                                                 [classpath] /var/lib/neo4j/lib/neo4j-cypher-ir-5.20.0.jar
                                                                 [classpath] /var/lib/neo4j/lib/lucene-queryparser-9.10.0.jar
                                                                 [classpath] /var/lib/neo4j/lib/perfmark-api-0.26.0.jar
                                                                 [classpath] /var/lib/neo4j/lib/jline-reader-3.21.0.jar
                                                                 [classpath] /var/lib/neo4j/lib/byte-buddy-1.14.12.jar
                                                                 [classpath] /var/lib/neo4j/lib/FastInfoset-1.2.16.jar
                                                                 [classpath] /var/lib/neo4j/lib/neo4j-cypher-planner-spi-5.20.0.jar
                                                                 [classpath] /var/lib/neo4j/lib/neo4j-capabilities-5.20.0.jar
                                                                 [classpath] /var/lib/neo4j/lib/shiro-crypto-cipher-2.0.0.jar
                                                                 [classpath] /var/lib/neo4j/lib/netty-transport-native-kqueue-4.1.109.Final-osx-aarch_64.jar
                                                                 [classpath] /var/lib/neo4j/lib/flatbuffers-java-23.5.26.jar
                                                                 [classpath] /var/lib/neo4j/lib/neo4j-csv-5.20.0.jar
                                                                 [classpath] /var/lib/neo4j/lib/arrow-memory-core-15.0.2.jar
                                                                 [classpath] /var/lib/neo4j/lib/neo4j-fulltext-index-5.20.0.jar
                                                                 [classpath] /var/lib/neo4j/lib/neo4j-diagnostics-5.20.0.jar
                                                                 [classpath] /var/lib/neo4j/lib/scala-reflect-2.13.11.jar
                                                                 [classpath] /var/lib/neo4j/plugins/apoc.jar
                                                                 [classpath] /var/lib/neo4j/lib/netty-tcnative-boringssl-static-2.0.65.Final-linux-x86_64.jar
                                                                 [classpath] /var/lib/neo4j/lib/jakarta.annotation-api-1.3.5.jar
                                                                 [classpath] /var/lib/neo4j/lib/neo4j-5.20.0.jar
                                                                 [classpath] /var/lib/neo4j/lib/netty-buffer-4.1.109.Final.jar
                                                                 [classpath] /var/lib/neo4j/lib/netty-codec-http-4.1.109.Final.jar
                                                                 [classpath] /var/lib/neo4j/plugins/graph-data-science.jar
                                                                 [classpath] /var/lib/neo4j/lib/neo4j-cypher-runtime-util-5.20.0.jar
                                                                 [classpath] /var/lib/neo4j/lib/neo4j-kernel-5.20.0.jar
                                                                 [classpath] /var/lib/neo4j/lib/neo4j-cypher-slotted-runtime-5.20.0.jar
                                                                 [classpath] /var/lib/neo4j/lib/reactor-core-3.6.5.jar
                                                                 [classpath] /var/lib/neo4j/lib/neo4j-cypher-cache-5.20.0.jar
                                                                 [classpath] /var/lib/neo4j/lib/netty-transport-native-epoll-4.1.109.Final-linux-aarch_64.jar
                                                                 [classpath] /var/lib/neo4j/lib/neo4j-graphdb-api-5.20.0.jar
                                                                 [classpath] /var/lib/neo4j/lib/log4j-layout-template-json-2.20.0.jar
                                                                 [classpath] /var/lib/neo4j/lib/neo4j-unsafe-5.20.0.jar
                                                                 [classpath] /var/lib/neo4j/lib/shiro-hashes-bcrypt-2.0.0.jar
                                                                 [classpath] /var/lib/neo4j/lib/neo4j-import-util-5.20.0.jar
                                                                 [classpath] /var/lib/neo4j/lib/jersey-server-2.34.jar
                                                                 [classpath] /var/lib/neo4j/lib/neo4j-data-collector-5.20.0.jar
                                                                 [classpath] /var/lib/neo4j/lib/shiro-config-core-2.0.0.jar
                                                                 [classpath] /var/lib/neo4j/lib/shiro-event-2.0.0.jar
                                                                
                                                                --------------------------------------------------------------------------------
                                                                                                [ Library path ]                                
                                                                --------------------------------------------------------------------------------
                                                                /usr/java/packages/lib
                                                                /usr/lib64
                                                                /lib64
                                                                /lib
                                                                /usr/lib
                                                                
                                                                --------------------------------------------------------------------------------
                                                                                             [ System properties ]                              
                                                                --------------------------------------------------------------------------------
                                                                jdk.tls.rejectClientInitiatedRenegotiation = true
                                                                sun.jnu.encoding = ANSI_X3.4-1968
                                                                sun.arch.data.model = 64
                                                                user.timezone = Etc/UTC
                                                                sun.java.launcher = SUN_STANDARD
                                                                user.country = US
                                                                sun.boot.library.path = /opt/java/openjdk/lib
                                                                sun.java.command = org.neo4j.server.CommunityEntryPoint --home-dir=/var/lib/neo4j --config-dir=/var/lib/neo4j/conf --console-mode
                                                                jdk.debug = release
                                                                io.netty.tryReflectionSetAccessible = true
                                                                sun.cpu.endian = little
                                                                user.home = /var/lib/neo4j
                                                                user.language = en
                                                                file.separator = /
                                                                jdk.tls.ephemeralDHKeySize = 2048
                                                                sun.management.compiler = HotSpot 64-Bit Tiered Compilers
                                                                user.name = neo4j
                                                                jdk.nio.maxCachedBufferSize = 1024
                                                                path.separator = :
                                                                file.encoding = UTF-8
                                                                jnidispatch.path = /var/lib/neo4j/.cache/JNA/temp/jna12442040870799524085.tmp
                                                                jna.loaded = true
                                                                user.dir = /var/lib/neo4j
                                                                native.encoding = ANSI_X3.4-1968
                                                                sun.io.unicode.encoding = UnicodeLittle
                                                                log4j2.disable.jmx = true
                                                                
                                                                --------------------------------------------------------------------------------
                                                                                      [ (IANA) TimeZone database version ]                      
                                                                --------------------------------------------------------------------------------
                                                                  TimeZone version: 2024a (available for 603 zone identifiers)
                                                                
                                                                --------------------------------------------------------------------------------
                                                                                            [ Network information ]                             
                                                                --------------------------------------------------------------------------------
                                                                Interface eth0:
                                                                    address: 172.18.0.3
                                                                Interface lo:
                                                                    address: 0:0:0:0:0:0:0:1%lo
                                                                    address: 127.0.0.1
                                                                
                                                                --------------------------------------------------------------------------------
                                                                                         [ Native access information ]                          
                                                                --------------------------------------------------------------------------------
                                                                Native access details: Linux native access is available.
                                                                
                                                                --------------------------------------------------------------------------------
                                                                                                [ DBMS config ]                                 
                                                                --------------------------------------------------------------------------------
                                                                DBMS provided settings:
                                                                db.tx_log.rotation.retention_policy=2 days 2G
                                                                dbms.security.procedures.allowlist=apoc.*,gds.*
                                                                dbms.security.procedures.unrestricted=apoc.*,gds.*
                                                                server.bolt.enabled=true
                                                                server.default_listen_address=0.0.0.0
                                                                server.directories.import=/var/lib/neo4j/import
                                                                server.directories.logs=/logs
                                                                server.directories.neo4j_home=/var/lib/neo4j
                                                                server.http.enabled=true
                                                                server.https.enabled=false
                                                                server.jvm.additional=-XX:+UseG1GC
-XX:-OmitStackTraceInFastThrow
-XX:+AlwaysPreTouch
-XX:+UnlockExperimentalVMOptions
-XX:+TrustFinalNonStaticFields
-XX:+DisableExplicitGC
-Djdk.nio.maxCachedBufferSize=1024
-Dio.netty.tryReflectionSetAccessible=true
-Djdk.tls.ephemeralDHKeySize=2048
-Djdk.tls.rejectClientInitiatedRenegotiation=true
-XX:FlightRecorderOptions=stackdepth=256
-XX:+UnlockDiagnosticVMOptions
-XX:+DebugNonSafepoints
--add-opens=java.base/java.nio=ALL-UNNAMED
--add-opens=java.base/java.io=ALL-UNNAMED
--add-opens=java.base/sun.nio.ch=ALL-UNNAMED
-Dlog4j2.disable.jmx=true
                                                                server.memory.heap.initial_size=1.00GiB
                                                                server.memory.heap.max_size=2.00GiB
                                                                server.memory.pagecache.size=512.00MiB
                                                                server.windows_service_name=neo4j
                                                                Directories in use:
                                                                server.directories.data=/var/lib/neo4j/data
                                                                server.directories.dumps.root=/var/lib/neo4j/data/dumps
                                                                server.directories.import=/var/lib/neo4j/import
                                                                server.directories.lib=/var/lib/neo4j/lib
                                                                server.directories.licenses=/var/lib/neo4j/licenses
                                                                server.directories.logs=/logs
                                                                server.directories.neo4j_home=/var/lib/neo4j
                                                                server.directories.plugins=/var/lib/neo4j/plugins
                                                                server.directories.run=/var/lib/neo4j/run
                                                                server.directories.script.root=/var/lib/neo4j/data/scripts
                                                                server.directories.transaction.logs.root=/var/lib/neo4j/data/transactions
                                                                
                                                                --------------------------------------------------------------------------------
                                                                                                 [ Packaging ]                                  
                                                                --------------------------------------------------------------------------------
                                                                Edition: Community
                                                                Package Type: docker bullseye
                                                                
2025-11-19 10:26:42.592+0000 INFO  [o.n.d.i.DefaultIdentityModule] Generated new ServerId: ServerId{32ec06b7} (32ec06b7-d1f7-46a1-9ef6-d75c13bc9b05)
2025-11-19 10:26:42.593+0000 INFO  [o.n.d.i.DefaultIdentityModule] This instance is ServerId{32ec06b7} (32ec06b7-d1f7-46a1-9ef6-d75c13bc9b05)
2025-11-19 10:26:43.090+0000 INFO  [o.n.s.CommunityNeoWebServer] ======== Neo4j 5.20.0 ========
2025-11-19 10:26:43.098+0000 INFO  [o.n.d.d.DatabaseLifecycles] Creating 'DatabaseId{00000000[system]}'.
2025-11-19 10:26:43.122+0000 INFO  [a.ApocConfig] successfully registered ApocConfig for @Context
2025-11-19 10:26:43.184+0000 INFO  [c.n.g.e.GraphDataScienceExtension] Progress tracking: enabled
2025-11-19 10:26:43.185+0000 INFO  [c.n.g.e.GraphDataScienceExtension] Memory usage guard: minimum estimate
2025-11-19 10:26:43.187+0000 INFO  [c.n.g.e.GraphDataScienceExtension] GDS license file: null
2025-11-19 10:26:43.187+0000 INFO  [c.n.g.e.GraphDataScienceExtension] GDS license state: unlicensed
2025-11-19 10:26:43.190+0000 INFO  [c.n.g.e.GraphDataScienceExtension] Register GraphDataScience...
2025-11-19 10:26:43.197+0000 INFO  [c.n.g.e.GraphDataScienceExtension] GraphDataScience registered.
2025-11-19 10:26:43.198+0000 INFO  [c.n.g.e.GraphDataScienceExtension] Register GraphDataScienceExtras...
2025-11-19 10:26:43.198+0000 INFO  [c.n.g.e.GraphDataScienceExtension] GraphDataScienceExtras registered.
2025-11-19 10:26:43.198+0000 INFO  [c.n.g.e.GraphDataScienceExtension] Register MetricsFacade...
2025-11-19 10:26:43.199+0000 INFO  [c.n.g.e.GraphDataScienceExtension] MetricsFacade registered.
2025-11-19 10:26:43.199+0000 INFO  [c.n.g.e.GraphDataScienceExtension] Register legacy Task Store/ Registry...
2025-11-19 10:26:43.200+0000 INFO  [c.n.g.e.GraphDataScienceExtension] Task Store/ Registry registered.
2025-11-19 10:26:43.200+0000 INFO  [c.n.g.e.GraphDataScienceExtension] Register legacy User Log Registry...
2025-11-19 10:26:43.201+0000 INFO  [c.n.g.e.GraphDataScienceExtension] User Log Registry registered.
2025-11-19 10:26:43.205+0000 INFO  [a.Pools] successfully registered Pools for @Context
2025-11-19 10:26:43.209+0000 INFO  [a.ApocConfig] cannot determine conf folder from sys property org.neo4j.server.CommunityEntryPoint --home-dir=/var/lib/neo4j --config-dir=/var/lib/neo4j/conf --console-mode, assuming /var/lib/neo4j/conf
2025-11-19 10:26:43.209+0000 INFO  [a.ApocConfig] system property NEO4J_CONF set to /var/lib/neo4j/conf
2025-11-19 10:26:43.259+0000 INFO  [a.ApocConfig] setting APOC config to default value: apoc.import.file.enabled=false
2025-11-19 10:26:43.259+0000 INFO  [a.ApocConfig] setting APOC config to default value: apoc.export.file.enabled=false
2025-11-19 10:26:43.260+0000 INFO  [a.ApocConfig] setting APOC config to default value: apoc.import.file.use_neo4j_config=true
2025-11-19 10:26:43.260+0000 INFO  [a.ApocConfig] setting APOC config to default value: apoc.trigger.enabled=false
2025-11-19 10:26:43.269+0000 INFO  [o.n.g.c.GdsProxyExtension] GDS compatibility: for Neo4j Settings 5.x -- available, for Neo4j Settings 4.4 -- not available, selected: Neo4j Settings 5.x
2025-11-19 10:26:43.270+0000 INFO  [o.n.g.c.GdsProxyExtension] GDS compatibility: for Neo4j 4.4 -- not available, for Neo4j 5.11 -- not available, for Neo4j 5.12 -- not available, for Neo4j 5.13 -- not available, for Neo4j 5.14 -- not available, for Neo4j 5.15 -- not available, for Neo4j 5.16 -- not available, for Neo4j 5.17 -- not available, for Neo4j 5.18 -- not available, for Neo4j 5.19 -- not available, for Neo4j 5.20 -- available, selected: Neo4j 5.20
2025-11-19 10:26:43.303+0000 INFO  [o.n.b.BoltServer] Using connector transport epoll
2025-11-19 10:26:43.348+0000 INFO  [o.n.b.BoltServer] Configured external Bolt connector with listener address /0.0.0.0:7687
2025-11-19 10:26:43.349+0000 INFO  [o.n.b.BoltServer] Bolt server loaded
2025-11-19 10:26:43.365+0000 INFO  [o.n.d.d.DatabaseLifecycles] Starting 'DatabaseId{00000000[system]}'.
2025-11-19 10:26:43.777+0000 INFO  [o.n.i.d.DiagnosticsManager] [system/00000000] 
                                                                [system/00000000] ********************************************************************************
                                                                [system/00000000]                               [ Database: system ]                              
                                                                [system/00000000] ********************************************************************************
                                                                [system/00000000] --------------------------------------------------------------------------------
                                                                [system/00000000]                                   [ Version ]                                   
                                                                [system/00000000] --------------------------------------------------------------------------------
                                                                [system/00000000] DBMS: community record-aligned-1.1
                                                                [system/00000000] Kernel version: 5.20.0
                                                                [system/00000000] 
                                                                [system/00000000] --------------------------------------------------------------------------------
                                                                [system/00000000]                                 [ Store files ]                                 
                                                                [system/00000000] --------------------------------------------------------------------------------
                                                                [system/00000000] Disk space on partition (Total / Free / Free %): 245107195904 / 38353199104 / 15
                                                                [system/00000000] Storage files stored on file store: fakeowner
                                                                [system/00000000] Storage files: (filename : modification date - size)
                                                                [system/00000000]   neostore: 2025-11-19 10:26:43.700+0000 - 8.000KiB
                                                                [system/00000000]   neostore.counts.db: 2025-11-19 10:26:43.713+0000 - 0B
                                                                [system/00000000]   neostore.indexstats.db: 2025-11-19 10:26:43.723+0000 - 0B
                                                                [system/00000000]   neostore.labeltokenstore.db: 2025-11-19 10:26:43.693+0000 - 0B
                                                                [system/00000000]   neostore.labeltokenstore.db.id: 2025-11-19 10:26:43.691+0000 - 0B
                                                                [system/00000000]   neostore.labeltokenstore.db.names: 2025-11-19 10:26:43.690+0000 - 8.000KiB
                                                                [system/00000000]   neostore.labeltokenstore.db.names.id: 2025-11-19 10:26:43.690+0000 - 0B
                                                                [system/00000000]   neostore.nodestore.db: 2025-11-19 10:26:43.678+0000 - 0B
                                                                [system/00000000]   neostore.nodestore.db.id: 2025-11-19 10:26:43.677+0000 - 0B
                                                                [system/00000000]   neostore.nodestore.db.labels: 2025-11-19 10:26:43.674+0000 - 8.000KiB
                                                                [system/00000000]   neostore.nodestore.db.labels.id: 2025-11-19 10:26:43.659+0000 - 0B
                                                                [system/00000000]   neostore.propertystore.db: 2025-11-19 10:26:43.686+0000 - 0B
                                                                [system/00000000]   neostore.propertystore.db.arrays: 2025-11-19 10:26:43.683+0000 - 8.000KiB
                                                                [system/00000000]   neostore.propertystore.db.arrays.id: 2025-11-19 10:26:43.682+0000 - 0B
                                                                [system/00000000]   neostore.propertystore.db.id: 2025-11-19 10:26:43.685+0000 - 0B
                                                                [system/00000000]   neostore.propertystore.db.index: 2025-11-19 10:26:43.681+0000 - 0B
                                                                [system/00000000]   neostore.propertystore.db.index.id: 2025-11-19 10:26:43.681+0000 - 0B
                                                                [system/00000000]   neostore.propertystore.db.index.keys: 2025-11-19 10:26:43.680+0000 - 8.000KiB
                                                                [system/00000000]   neostore.propertystore.db.index.keys.id: 2025-11-19 10:26:43.678+0000 - 0B
                                                                [system/00000000]   neostore.propertystore.db.strings: 2025-11-19 10:26:43.682+0000 - 8.000KiB
                                                                [system/00000000]   neostore.propertystore.db.strings.id: 2025-11-19 10:26:43.681+0000 - 0B
                                                                [system/00000000]   neostore.relationshipgroupstore.db: 2025-11-19 10:26:43.696+0000 - 8.000KiB
                                                                [system/00000000]   neostore.relationshipgroupstore.db.id: 2025-11-19 10:26:43.695+0000 - 0B
                                                                [system/00000000]   neostore.relationshipgroupstore.degrees.db: 2025-11-19 10:26:43.720+0000 - 0B
                                                                [system/00000000]   neostore.relationshipstore.db: 2025-11-19 10:26:43.687+0000 - 0B
                                                                [system/00000000]   neostore.relationshipstore.db.id: 2025-11-19 10:26:43.686+0000 - 0B
                                                                [system/00000000]   neostore.relationshiptypestore.db: 2025-11-19 10:26:43.690+0000 - 0B
                                                                [system/00000000]   neostore.relationshiptypestore.db.id: 2025-11-19 10:26:43.689+0000 - 0B
                                                                [system/00000000]   neostore.relationshiptypestore.db.names: 2025-11-19 10:26:43.688+0000 - 8.000KiB
                                                                [system/00000000]   neostore.relationshiptypestore.db.names.id: 2025-11-19 10:26:43.687+0000 - 0B
                                                                [system/00000000]   neostore.schemastore.db: 2025-11-19 10:26:43.694+0000 - 8.000KiB
                                                                [system/00000000]   neostore.schemastore.db.id: 2025-11-19 10:26:43.694+0000 - 0B
                                                                [system/00000000] Storage summary: 
                                                                [system/00000000]   Total size of store: 72.00KiB
                                                                [system/00000000]   Total size of mapped files: 72.00KiB
                                                                [system/00000000] 
                                                                [system/00000000] --------------------------------------------------------------------------------
                                                                [system/00000000]                               [ Transaction log ]                               
                                                                [system/00000000] --------------------------------------------------------------------------------
                                                                [system/00000000] Transaction log files stored on file store: fakeowner
                                                                [system/00000000] Transaction log metadata:
                                                                [system/00000000]  - current kernel version used in transactions: V5_20
                                                                [system/00000000]  - last committed transaction id: 1
                                                                [system/00000000] Transaction log files:
                                                                [system/00000000]  - existing transaction log versions: -1--1
                                                                [system/00000000]  - no transactions found
                                                                [system/00000000] Checkpoint log files:
                                                                [system/00000000]  - existing checkpoint log versions: -1--1
                                                                [system/00000000]  - no checkpoints found
                                                                [system/00000000] 
                                                                [system/00000000] --------------------------------------------------------------------------------
                                                                [system/00000000]                                   [ Id usage ]                                  
                                                                [system/00000000] --------------------------------------------------------------------------------
                                                                [system/00000000] ArrayPropertyStore[neostore.nodestore.db.labels]: used=1 high=0
                                                                [system/00000000] NodeStore[neostore.nodestore.db]: used=0 high=-1
                                                                [system/00000000] StringPropertyStore[neostore.propertystore.db.index.keys]: used=1 high=0
                                                                [system/00000000] PropertyIndexStore[neostore.propertystore.db.index]: used=0 high=-1
                                                                [system/00000000] StringPropertyStore[neostore.propertystore.db.strings]: used=1 high=0
                                                                [system/00000000] ArrayPropertyStore[neostore.propertystore.db.arrays]: used=1 high=0
                                                                [system/00000000] PropertyStore[neostore.propertystore.db]: used=0 high=-1
                                                                [system/00000000] RelationshipStore[neostore.relationshipstore.db]: used=0 high=-1
                                                                [system/00000000] StringPropertyStore[neostore.relationshiptypestore.db.names]: used=1 high=0
                                                                [system/00000000] RelationshipTypeStore[neostore.relationshiptypestore.db]: used=0 high=-1
                                                                [system/00000000] StringPropertyStore[neostore.labeltokenstore.db.names]: used=1 high=0
                                                                [system/00000000] LabelTokenStore[neostore.labeltokenstore.db]: used=0 high=-1
                                                                [system/00000000] SchemaStore[neostore.schemastore.db]: used=1 high=0
                                                                [system/00000000] RelationshipGroupStore[neostore.relationshipgroupstore.db]: used=1 high=0
                                                                [system/00000000] NeoStore[neostore]: used=-1 high=-1
                                                                [system/00000000] 
                                                                [system/00000000] --------------------------------------------------------------------------------
                                                                [system/00000000]                                   [ Metadata ]                                  
                                                                [system/00000000] --------------------------------------------------------------------------------
                                                                [system/00000000] EXTERNAL_STORE_UUID (Database identifier exposed as external store identity. Generated on creation and never updated): c5dc9a4e-a004-4fe2-822d-c0b68818fad1
                                                                [system/00000000] DATABASE_ID (The last used DatabaseId for this database): null
                                                                [system/00000000] LEGACY_STORE_VERSION (Legacy store format version. This field is used from 5.0 onwards only to distinguish non-migrated pre 5.0 metadata stores.): -3523014627327384477
                                                                [system/00000000] STORE_ID (Store ID): StoreId{creationTime=1763548003698, random=-1570828993737339682, storageEngineName='record', formatName='aligned', majorVersion=1, minorVersion=1}
                                                                [system/00000000] 
2025-11-19 10:26:43.784+0000 INFO  [o.n.k.a.DatabaseAvailabilityGuard] [system/00000000] Requirement `Database unavailable` makes database system unavailable.
2025-11-19 10:26:43.785+0000 INFO  [o.n.k.a.DatabaseAvailabilityGuard] [system/00000000] DatabaseId{00000000[system]} is unavailable.
2025-11-19 10:26:43.796+0000 WARN  [o.n.k.i.s.MetaDataStore] [system/00000000] Missing counts store, rebuilding it.
2025-11-19 10:26:43.799+0000 WARN  [o.n.k.i.s.MetaDataStore] [system/00000000] Counts store rebuild completed.
2025-11-19 10:26:43.872+0000 INFO  [o.n.k.d.Database] [system/00000000] Starting transaction log [/data/transactions/system/neostore.transaction.db.0] at version=0
2025-11-19 10:26:43.993+0000 INFO  [o.n.k.d.Database] [system/00000000] Starting transaction log [/data/transactions/system/checkpoint.0] at version=0
2025-11-19 10:26:44.002+0000 INFO  [o.n.k.i.t.l.f.c.CheckpointLogFile] [system/00000000] Scanning log file with version 0 for checkpoint entries
2025-11-19 10:26:44.018+0000 INFO  [o.n.k.a.DatabaseAvailabilityGuard] [system/00000000] Fulfilling of requirement 'Database unavailable' makes database system available.
2025-11-19 10:26:44.019+0000 INFO  [o.n.k.a.DatabaseAvailabilityGuard] [system/00000000] DatabaseId{00000000[system]} is ready.
2025-11-19 10:26:44.161+0000 INFO  [o.n.k.i.a.i.IndexPopulationJob] [system/00000000] Index population started: [Index( id=2, name='index_f7700477', type='LOOKUP', schema=()-[:<any-types>]-(), indexProvider='token-lookup-1.0' )]
2025-11-19 10:26:44.212+0000 INFO  [o.n.k.i.a.i.IndexPopulationJob] [system/00000000] Index creation finished for index [Index( id=2, name='index_f7700477', type='LOOKUP', schema=()-[:<any-types>]-(), indexProvider='token-lookup-1.0' )].
2025-11-19 10:26:44.221+0000 INFO  [o.n.k.i.a.i.IndexPopulationJob] [system/00000000] Index population started: [Index( id=1, name='index_343aff4e', type='LOOKUP', schema=(:<any-labels>), indexProvider='token-lookup-1.0' )]
2025-11-19 10:26:44.233+0000 INFO  [o.n.k.i.a.i.IndexPopulationJob] [system/00000000] Index creation finished for index [Index( id=1, name='index_343aff4e', type='LOOKUP', schema=(:<any-labels>), indexProvider='token-lookup-1.0' )].
2025-11-19 10:26:44.239+0000 INFO  [o.n.k.i.t.l.c.CheckPointerImpl] [system/00000000] Checkpoint triggered by "Database init completed." @ txId: 3 checkpoint started...
2025-11-19 10:26:44.277+0000 INFO  [o.n.k.i.t.l.c.CheckPointerImpl] [system/00000000] Checkpoint triggered by "Database init completed." @ txId: 3 checkpoint completed in 37ms. Checkpoint flushed 74 pages (0% of total available pages), in 57 IOs. Checkpoint performed with IO limit: unlimited, paused in total 0 times( 0 millis).
2025-11-19 10:26:44.280+0000 INFO  [o.n.k.i.t.l.p.LogPruningImpl] [system/00000000] No log version pruned. The strategy used was '2 days 2147483648 size'. 
2025-11-19 10:26:44.380+0000 WARN  [o.n.k.a.p.GlobalProcedures] Failed to load `org.neo4j.gds.compat._44.BoltTransactionRunnerImpl` from plugin jar `/var/lib/neo4j/plugins/graph-data-science.jar`: java.lang.NoClassDefFoundError: org/neo4j/bolt/runtime/statemachine/impl/BoltAdapterSubscriber
2025-11-19 10:26:44.620+0000 WARN  [o.n.k.a.p.GlobalProcedures] Failed to load `com.neo4j.gds.core.write.CypherNodePropertyExporterBuilder` from plugin jar `/var/lib/neo4j/plugins/graph-data-science.jar`: java.lang.NoClassDefFoundError: com/neo4j/kernel/enterprise/api/security/EnterpriseLoginContext
2025-11-19 10:26:44.728+0000 WARN  [o.n.k.a.p.GlobalProcedures] Failed to load `com.opencsv.bean.HeaderIndex` from plugin jar `/var/lib/neo4j/plugins/apoc.jar`: java.lang.NoClassDefFoundError: org/apache/commons/collections4/MultiValuedMap
2025-11-19 10:26:44.749+0000 WARN  [o.n.k.a.p.GlobalProcedures] Failed to load `com.neo4j.gds.shaded.io.netty.handler.codec.spdy.SpdyHeaderBlockJZlibEncoder` from plugin jar `/var/lib/neo4j/plugins/graph-data-science.jar`: java.lang.NoClassDefFoundError: com/neo4j/gds/shaded/com/jcraft/jzlib/Deflater
2025-11-19 10:26:44.753+0000 WARN  [o.n.k.a.p.GlobalProcedures] Failed to load `apoc.util.hdfs.HDFSUtils$1` from plugin jar `/var/lib/neo4j/plugins/apoc.jar`: java.lang.NoClassDefFoundError: org/apache/hadoop/fs/FSDataInputStream
2025-11-19 10:26:44.762+0000 WARN  [o.n.k.a.p.GlobalProcedures] Failed to load `com.opencsv.bean.BeanFieldJoin` from plugin jar `/var/lib/neo4j/plugins/apoc.jar`: java.lang.NoClassDefFoundError: org/apache/commons/collections4/MultiValuedMap
2025-11-19 10:26:44.835+0000 WARN  [o.n.k.a.p.GlobalProcedures] Failed to load `com.neo4j.gds.shaded.io.netty.handler.codec.compression.LzfDecoder` from plugin jar `/var/lib/neo4j/plugins/graph-data-science.jar`: java.lang.NoClassDefFoundError: com/neo4j/gds/shaded/com/ning/compress/lzf/ChunkDecoder
2025-11-19 10:26:44.966+0000 WARN  [o.n.k.a.p.GlobalProcedures] Failed to load `com.neo4j.gds.shaded.io.netty.handler.codec.marshalling.DefaultUnmarshallerProvider` from plugin jar `/var/lib/neo4j/plugins/graph-data-science.jar`: java.lang.NoClassDefFoundError: com/neo4j/gds/shaded/org/jboss/marshalling/Unmarshaller
2025-11-19 10:26:45.205+0000 WARN  [o.n.k.a.p.GlobalProcedures] Failed to load `org.neo4j.gds.compat._44.BoltTransactionRunnerImpl$1` from plugin jar `/var/lib/neo4j/plugins/graph-data-science.jar`: java.lang.NoClassDefFoundError: org/neo4j/bolt/runtime/statemachine/impl/BoltAdapterSubscriber
2025-11-19 10:26:45.232+0000 WARN  [o.n.k.a.p.GlobalProcedures] Failed to load `com.neo4j.gds.shaded.org.ejml.ops.MatrixIO$MflAccess$IO` from plugin jar `/var/lib/neo4j/plugins/graph-data-science.jar`: java.lang.NoClassDefFoundError: us/hebi/matlab/mat/types/MatFile
2025-11-19 10:26:45.267+0000 WARN  [o.n.k.a.p.GlobalProcedures] Failed to load `com.neo4j.gds.shaded.io.netty.handler.codec.protobuf.ProtobufEncoderNano` from plugin jar `/var/lib/neo4j/plugins/graph-data-science.jar`: java.lang.NoClassDefFoundError: com/neo4j/gds/shaded/com/google/protobuf/nano/MessageNano
2025-11-19 10:26:45.316+0000 WARN  [o.n.k.a.p.GlobalProcedures] Failed to load `com.jayway.jsonpath.spi.json.JakartaJsonProvider$JsonArrayProxy$1` from plugin jar `/var/lib/neo4j/plugins/apoc.jar`: java.lang.NoClassDefFoundError: jakarta/json/JsonValue
2025-11-19 10:26:45.316+0000 WARN  [o.n.k.a.p.GlobalProcedures] Failed to load `com.jayway.jsonpath.spi.json.JakartaJsonProvider$JsonArrayProxy$2` from plugin jar `/var/lib/neo4j/plugins/apoc.jar`: java.lang.NoClassDefFoundError: jakarta/json/JsonValue
2025-11-19 10:26:45.446+0000 WARN  [o.n.k.a.p.GlobalProcedures] Failed to load `net.minidev.asm.BeansAccessBuilder` from plugin jar `/var/lib/neo4j/plugins/apoc.jar`: java.lang.NoClassDefFoundError: org/objectweb/asm/MethodVisitor
2025-11-19 10:26:45.486+0000 WARN  [o.n.k.a.p.GlobalProcedures] Failed to load `org.neo4j.internal.recordstorage.InMemoryStorageReader44` from plugin jar `/var/lib/neo4j/plugins/graph-data-science.jar`: java.lang.NoClassDefFoundError: org/neo4j/counts/CountsAccessor
2025-11-19 10:26:45.503+0000 WARN  [o.n.k.a.p.GlobalProcedures] Failed to load `com.neo4j.gds.ClusterExporterBuilderCatalog$ExporterBuilderCreator` from plugin jar `/var/lib/neo4j/plugins/graph-data-science.jar`: java.lang.NoClassDefFoundError: com/neo4j/kernel/enterprise/api/security/EnterpriseLoginContext
2025-11-19 10:26:45.552+0000 WARN  [o.n.k.a.p.GlobalProcedures] Failed to load `com.neo4j.gds.shaded.io.netty.handler.codec.compression.JZlibEncoder` from plugin jar `/var/lib/neo4j/plugins/graph-data-science.jar`: java.lang.NoClassDefFoundError: com/neo4j/gds/shaded/com/jcraft/jzlib/Deflater
2025-11-19 10:26:45.677+0000 WARN  [o.n.k.a.p.GlobalProcedures] Failed to load `com.neo4j.gds.metrics.projections.PrometheusMetricsForProjectionsProvider` from plugin jar `/var/lib/neo4j/plugins/graph-data-science.jar`: java.lang.NoClassDefFoundError: io/prometheus/client/Counter
2025-11-19 10:26:45.682+0000 WARN  [o.n.k.a.p.GlobalProcedures] Failed to load `com.neo4j.gds.shaded.io.netty.handler.ssl.JettyNpnSslEngine$1` from plugin jar `/var/lib/neo4j/plugins/graph-data-science.jar`: java.lang.NoClassDefFoundError: com/neo4j/gds/shaded/org/eclipse/jetty/npn/NextProtoNego$ServerProvider
2025-11-19 10:26:45.683+0000 WARN  [o.n.k.a.p.GlobalProcedures] Failed to load `com.neo4j.gds.shaded.io.netty.handler.ssl.JettyNpnSslEngine$2` from plugin jar `/var/lib/neo4j/plugins/graph-data-science.jar`: java.lang.NoClassDefFoundError: com/neo4j/gds/shaded/org/eclipse/jetty/npn/NextProtoNego$ClientProvider
2025-11-19 10:26:45.749+0000 WARN  [o.n.k.a.p.GlobalProcedures] Failed to load `com.neo4j.gds.core.write.CypherNodeLabelExporterBuilder` from plugin jar `/var/lib/neo4j/plugins/graph-data-science.jar`: java.lang.NoClassDefFoundError: com/neo4j/kernel/enterprise/api/security/EnterpriseLoginContext
2025-11-19 10:26:45.968+0000 WARN  [o.n.k.a.p.GlobalProcedures] Failed to load `com.neo4j.gds.metrics.PrometheusExecutionMetricProvider` from plugin jar `/var/lib/neo4j/plugins/graph-data-science.jar`: java.lang.NoClassDefFoundError: io/prometheus/client/Counter
2025-11-19 10:26:46.078+0000 WARN  [o.n.k.a.p.GlobalProcedures] Failed to load `com.neo4j.gds.shaded.io.netty.handler.codec.compression.LzmaFrameEncoder` from plugin jar `/var/lib/neo4j/plugins/graph-data-science.jar`: java.lang.NoClassDefFoundError: lzma/sdk/lzma/Encoder
2025-11-19 10:26:46.133+0000 WARN  [o.n.k.a.p.GlobalProcedures] Failed to load `com.opencsv.bean.BeanFieldJoinStringIndex` from plugin jar `/var/lib/neo4j/plugins/apoc.jar`: java.lang.NoClassDefFoundError: org/apache/commons/collections4/MultiValuedMap
2025-11-19 10:26:46.154+0000 WARN  [o.n.k.a.p.GlobalProcedures] Failed to load `com.neo4j.gds.metrics.GdsMetricsExtension$GdsMetricLifecycleAdapter` from plugin jar `/var/lib/neo4j/plugins/graph-data-science.jar`: java.lang.NoClassDefFoundError: io/prometheus/client/Collector
2025-11-19 10:26:46.162+0000 WARN  [o.n.k.a.p.GlobalProcedures] Failed to load `com.opencsv.bean.concurrent.BeanExecutor` from plugin jar `/var/lib/neo4j/plugins/apoc.jar`: java.lang.NoClassDefFoundError: org/apache/commons/collections4/ListValuedMap
2025-11-19 10:26:46.204+0000 WARN  [o.n.k.a.p.GlobalProcedures] Failed to load `org.neo4j.gds.compat._44.InMemoryCountsStore` from plugin jar `/var/lib/neo4j/plugins/graph-data-science.jar`: java.lang.NoClassDefFoundError: org/neo4j/counts/CountsAccessor$Updater
2025-11-19 10:26:46.310+0000 WARN  [o.n.k.a.p.GlobalProcedures] Failed to load `com.neo4j.gds.shaded.io.netty.util.internal.Hidden$NettyBlockHoundIntegration$1` from plugin jar `/var/lib/neo4j/plugins/graph-data-science.jar`: java.lang.NoClassDefFoundError: reactor/blockhound/integration/BlockHoundIntegration
2025-11-19 10:26:46.348+0000 WARN  [o.n.k.a.p.GlobalProcedures] Failed to load `com.neo4j.gds.shaded.io.netty.handler.codec.marshalling.MarshallingEncoder` from plugin jar `/var/lib/neo4j/plugins/graph-data-science.jar`: java.lang.NoClassDefFoundError: com/neo4j/gds/shaded/org/jboss/marshalling/ByteOutput
2025-11-19 10:26:46.359+0000 WARN  [o.n.k.a.p.GlobalProcedures] Failed to load `com.neo4j.gds.shaded.io.netty.handler.codec.marshalling.DefaultMarshallerProvider` from plugin jar `/var/lib/neo4j/plugins/graph-data-science.jar`: java.lang.NoClassDefFoundError: com/neo4j/gds/shaded/org/jboss/marshalling/Marshaller
2025-11-19 10:26:46.364+0000 WARN  [o.n.k.a.p.GlobalProcedures] Failed to load `com.neo4j.gds.shaded.io.netty.handler.ssl.ConscryptAlpnSslEngine$ServerEngine` from plugin jar `/var/lib/neo4j/plugins/graph-data-science.jar`: java.lang.NoClassDefFoundError: com/neo4j/gds/shaded/org/conscrypt/BufferAllocator
2025-11-19 10:26:46.439+0000 WARN  [o.n.k.a.p.GlobalProcedures] Failed to load `org.neo4j.gds.compat._44.InMemoryStorageEngineImpl` from plugin jar `/var/lib/neo4j/plugins/graph-data-science.jar`: java.lang.NoClassDefFoundError: org/neo4j/counts/CountsAccessor
2025-11-19 10:26:46.505+0000 WARN  [o.n.k.a.p.GlobalProcedures] Failed to load `com.opencsv.bean.BeanFieldJoinIntegerIndex` from plugin jar `/var/lib/neo4j/plugins/apoc.jar`: java.lang.NoClassDefFoundError: org/apache/commons/collections4/MultiValuedMap
2025-11-19 10:26:46.576+0000 WARN  [o.n.k.a.p.GlobalProcedures] Failed to load `org.neo4j.gds.compat._511.InMemoryVersionCheck` from plugin jar `/var/lib/neo4j/plugins/graph-data-science.jar`: java.lang.NoClassDefFoundError: org/neo4j/storageengine/api/StoreVersionCheck$MigrationCheckResult
2025-11-19 10:26:46.588+0000 WARN  [o.n.k.a.p.GlobalProcedures] Failed to load `com.neo4j.gds.metrics.CreatedGraphsMetric` from plugin jar `/var/lib/neo4j/plugins/graph-data-science.jar`: java.lang.NoClassDefFoundError: io/prometheus/client/SimpleCollector
2025-11-19 10:26:46.624+0000 WARN  [o.n.k.a.p.GlobalProcedures] Failed to load `org.neo4j.gds.compat._44.ScanBasedStoreScanImpl` from plugin jar `/var/lib/neo4j/plugins/graph-data-science.jar`: java.lang.NoClassDefFoundError: org/neo4j/internal/kernel/api/Scan
2025-11-19 10:26:46.650+0000 WARN  [o.n.k.a.p.GlobalProcedures] Failed to load `com.neo4j.gds.metrics.ShutdownFailureMetric` from plugin jar `/var/lib/neo4j/plugins/graph-data-science.jar`: java.lang.NoClassDefFoundError: io/prometheus/client/SimpleCollector
2025-11-19 10:26:46.682+0000 WARN  [o.n.k.a.p.GlobalProcedures] Failed to load `com.opencsv.bean.AbstractMappingStrategy` from plugin jar `/var/lib/neo4j/plugins/apoc.jar`: java.lang.NoClassDefFoundError: org/apache/commons/collections4/MultiValuedMap
2025-11-19 10:26:46.802+0000 WARN  [o.n.k.a.p.GlobalProcedures] Failed to load `com.neo4j.gds.shaded.io.netty.handler.ssl.ConscryptAlpnSslEngine` from plugin jar `/var/lib/neo4j/plugins/graph-data-science.jar`: java.lang.NoClassDefFoundError: com/neo4j/gds/shaded/org/conscrypt/AllocatedBuffer
2025-11-19 10:26:46.883+0000 WARN  [o.n.k.a.p.GlobalProcedures] Failed to load `com.neo4j.gds.shaded.io.netty.handler.ssl.JettyAlpnSslEngine$ClientEngine$1` from plugin jar `/var/lib/neo4j/plugins/graph-data-science.jar`: java.lang.NoClassDefFoundError: com/neo4j/gds/shaded/org/eclipse/jetty/alpn/ALPN$ClientProvider
2025-11-19 10:26:46.934+0000 WARN  [o.n.k.a.p.GlobalProcedures] Failed to load `com.neo4j.gds.metrics.PrometheusMetricWithTimer` from plugin jar `/var/lib/neo4j/plugins/graph-data-science.jar`: java.lang.NoClassDefFoundError: io/prometheus/client/Counter
2025-11-19 10:26:46.952+0000 WARN  [o.n.k.a.p.GlobalProcedures] Failed to load `com.neo4j.gds.shaded.io.netty.handler.codec.compression.Lz4FrameDecoder` from plugin jar `/var/lib/neo4j/plugins/graph-data-science.jar`: java.lang.NoClassDefFoundError: net/jpountz/lz4/LZ4Exception
2025-11-19 10:26:47.025+0000 WARN  [o.n.k.a.p.GlobalProcedures] Failed to load `com.neo4j.gds.core.write.CypherRelationshipStreamExporterBuilder` from plugin jar `/var/lib/neo4j/plugins/graph-data-science.jar`: java.lang.NoClassDefFoundError: com/neo4j/kernel/enterprise/api/security/EnterpriseLoginContext
2025-11-19 10:26:47.032+0000 WARN  [o.n.k.a.p.GlobalProcedures] Failed to load `com.neo4j.gds.metrics.RestoreFailureMetric` from plugin jar `/var/lib/neo4j/plugins/graph-data-science.jar`: java.lang.NoClassDefFoundError: io/prometheus/client/SimpleCollector
2025-11-19 10:26:47.053+0000 WARN  [o.n.k.a.p.GlobalProcedures] Failed to load `com.neo4j.gds.shaded.io.netty.handler.ssl.ConscryptAlpnSslEngine$ClientEngine` from plugin jar `/var/lib/neo4j/plugins/graph-data-science.jar`: java.lang.NoClassDefFoundError: com/neo4j/gds/shaded/org/conscrypt/BufferAllocator
2025-11-19 10:26:47.101+0000 WARN  [o.n.k.a.p.GlobalProcedures] Failed to load `apoc.util.s3.S3Aws$1` from plugin jar `/var/lib/neo4j/plugins/apoc.jar`: java.lang.NoClassDefFoundError: com/amazonaws/services/s3/model/S3ObjectInputStream
2025-11-19 10:26:47.142+0000 WARN  [o.n.k.a.p.GlobalProcedures] Failed to load `com.neo4j.gds.shaded.org.reflections.vfs.JbossFile` from plugin jar `/var/lib/neo4j/plugins/graph-data-science.jar`: java.lang.NoClassDefFoundError: com/neo4j/gds/shaded/org/jboss/vfs/VirtualFile
2025-11-19 10:26:47.144+0000 WARN  [o.n.k.a.p.GlobalProcedures] Failed to load `org.neo4j.gds.compat._44.TestLogImpl` from plugin jar `/var/lib/neo4j/plugins/graph-data-science.jar`: java.lang.NoClassDefFoundError: org/neo4j/logging/Logger
2025-11-19 10:26:47.170+0000 WARN  [o.n.k.a.p.GlobalProcedures] Failed to load `net.minidev.asm.ASMUtil` from plugin jar `/var/lib/neo4j/plugins/apoc.jar`: java.lang.NoClassDefFoundError: org/objectweb/asm/MethodVisitor
2025-11-19 10:26:47.182+0000 WARN  [o.n.k.a.p.GlobalProcedures] Failed to load `com.jayway.jsonpath.spi.json.JakartaJsonProvider$JsonObjectProxy$1` from plugin jar `/var/lib/neo4j/plugins/apoc.jar`: java.lang.NoClassDefFoundError: jakarta/json/JsonObject
2025-11-19 10:26:47.229+0000 WARN  [o.n.k.a.p.GlobalProcedures] Failed to load `com.neo4j.gds.ClusterExporterBuilderCatalog` from plugin jar `/var/lib/neo4j/plugins/graph-data-science.jar`: java.lang.NoClassDefFoundError: com/neo4j/kernel/enterprise/api/security/EnterpriseLoginContext
2025-11-19 10:26:47.255+0000 WARN  [o.n.k.a.p.GlobalProcedures] Failed to load `com.opencsv.bean.CsvToBeanBuilder` from plugin jar `/var/lib/neo4j/plugins/apoc.jar`: java.lang.NoClassDefFoundError: org/apache/commons/collections4/ListValuedMap
2025-11-19 10:26:47.277+0000 WARN  [o.n.k.a.p.GlobalProcedures] Failed to load `com.jayway.jsonpath.spi.json.JakartaJsonProvider$JsonArrayProxy` from plugin jar `/var/lib/neo4j/plugins/apoc.jar`: java.lang.NoClassDefFoundError: jakarta/json/JsonArray
2025-11-19 10:26:47.306+0000 WARN  [o.n.k.a.p.GlobalProcedures] Failed to load `com.neo4j.gds.shaded.org.reflections.vfs.JbossDir` from plugin jar `/var/lib/neo4j/plugins/graph-data-science.jar`: java.lang.NoClassDefFoundError: com/neo4j/gds/shaded/org/jboss/vfs/VirtualFile
2025-11-19 10:26:47.310+0000 WARN  [o.n.k.a.p.GlobalProcedures] Failed to load `apoc.util.hdfs.HDFSUtils` from plugin jar `/var/lib/neo4j/plugins/apoc.jar`: java.lang.NoClassDefFoundError: org/apache/hadoop/fs/FSDataOutputStream
2025-11-19 10:26:47.333+0000 WARN  [o.n.k.a.p.GlobalProcedures] Failed to load `com.neo4j.gds.shaded.io.netty.handler.codec.compression.BrotliEncoder` from plugin jar `/var/lib/neo4j/plugins/graph-data-science.jar`: java.lang.NoClassDefFoundError: com/neo4j/gds/shaded/com/aayushatharva/brotli4j/encoder/Encoder$Parameters
2025-11-19 10:26:47.337+0000 WARN  [o.n.k.a.p.GlobalProcedures] Failed to load `com.neo4j.gds.metrics.AuraBackupTimeMetric` from plugin jar `/var/lib/neo4j/plugins/graph-data-science.jar`: java.lang.NoClassDefFoundError: io/prometheus/client/SimpleCollector
2025-11-19 10:26:47.366+0000 WARN  [o.n.k.a.p.GlobalProcedures] Failed to load `com.neo4j.gds.shaded.io.netty.handler.codec.marshalling.LimitingByteInput` from plugin jar `/var/lib/neo4j/plugins/graph-data-science.jar`: java.lang.NoClassDefFoundError: com/neo4j/gds/shaded/org/jboss/marshalling/ByteInput
2025-11-19 10:26:47.391+0000 WARN  [o.n.k.a.p.GlobalProcedures] Failed to load `com.neo4j.gds.shaded.io.netty.handler.codec.marshalling.ThreadLocalUnmarshallerProvider` from plugin jar `/var/lib/neo4j/plugins/graph-data-science.jar`: java.lang.NoClassDefFoundError: com/neo4j/gds/shaded/org/jboss/marshalling/Unmarshaller
2025-11-19 10:26:47.446+0000 WARN  [o.n.k.a.p.GlobalProcedures] Failed to load `com.neo4j.gds.shaded.io.netty.util.internal.Hidden` from plugin jar `/var/lib/neo4j/plugins/graph-data-science.jar`: java.lang.NoClassDefFoundError: reactor/blockhound/integration/BlockHoundIntegration
2025-11-19 10:26:47.449+0000 WARN  [o.n.k.a.p.GlobalProcedures] Failed to load `com.opencsv.bean.concurrent.AccumulateCsvResults` from plugin jar `/var/lib/neo4j/plugins/apoc.jar`: java.lang.NoClassDefFoundError: org/apache/commons/collections4/ListValuedMap
2025-11-19 10:26:47.512+0000 WARN  [o.n.k.a.p.GlobalProcedures] Failed to load `com.neo4j.gds.shaded.io.netty.handler.ssl.ConscryptAlpnSslEngine$ClientEngine$1` from plugin jar `/var/lib/neo4j/plugins/graph-data-science.jar`: java.lang.NoClassDefFoundError: com/neo4j/gds/shaded/org/conscrypt/HandshakeListener
2025-11-19 10:26:47.540+0000 WARN  [o.n.k.a.p.GlobalProcedures] Failed to load `com.neo4j.gds.shaded.io.netty.handler.codec.marshalling.MarshallingDecoder` from plugin jar `/var/lib/neo4j/plugins/graph-data-science.jar`: java.lang.NoClassDefFoundError: com/neo4j/gds/shaded/org/jboss/marshalling/ByteInput
2025-11-19 10:26:47.566+0000 WARN  [o.n.k.a.p.GlobalProcedures] Failed to load `com.jayway.jsonpath.spi.json.JakartaJsonProvider` from plugin jar `/var/lib/neo4j/plugins/apoc.jar`: java.lang.NoClassDefFoundError: jakarta/json/JsonObject
2025-11-19 10:26:47.621+0000 WARN  [o.n.k.a.p.GlobalProcedures] Failed to load `com.opencsv.bean.FieldMapByPosition$1` from plugin jar `/var/lib/neo4j/plugins/apoc.jar`: java.lang.NoClassDefFoundError: org/apache/commons/collections4/iterators/LazyIteratorChain
2025-11-19 10:26:47.652+0000 WARN  [o.n.k.a.p.GlobalProcedures] Failed to load `com.neo4j.gds.shaded.io.netty.handler.codec.compression.BrotliOptions` from plugin jar `/var/lib/neo4j/plugins/graph-data-science.jar`: java.lang.NoClassDefFoundError: com/neo4j/gds/shaded/com/aayushatharva/brotli4j/encoder/Encoder$Parameters
2025-11-19 10:26:47.665+0000 WARN  [o.n.k.a.p.GlobalProcedures] Failed to load `com.neo4j.gds.metrics.procedures.PrometheusDeprecatedProceduresMetricRegistrar` from plugin jar `/var/lib/neo4j/plugins/graph-data-science.jar`: java.lang.NoClassDefFoundError: io/prometheus/client/Counter
2025-11-19 10:26:47.673+0000 WARN  [o.n.k.a.p.GlobalProcedures] Failed to load `com.neo4j.gds.shaded.javassist.util.HotSwapper` from plugin jar `/var/lib/neo4j/plugins/graph-data-science.jar`: java.lang.NoClassDefFoundError: com/neo4j/gds/shaded/com/sun/jdi/request/EventRequest
2025-11-19 10:26:47.690+0000 WARN  [o.n.k.a.p.GlobalProcedures] Failed to load `com.jayway.jsonpath.spi.json.JsonOrgJsonProvider` from plugin jar `/var/lib/neo4j/plugins/apoc.jar`: java.lang.NoClassDefFoundError: org/json/JSONException
2025-11-19 10:26:47.769+0000 WARN  [o.n.k.a.p.GlobalProcedures] Failed to load `apoc.util.s3.S3Aws` from plugin jar `/var/lib/neo4j/plugins/apoc.jar`: java.lang.NoClassDefFoundError: com/amazonaws/auth/AWSCredentials
2025-11-19 10:26:47.850+0000 WARN  [o.n.k.a.p.GlobalProcedures] Failed to load `com.opencsv.bean.concurrent.IntolerantThreadPoolExecutor` from plugin jar `/var/lib/neo4j/plugins/apoc.jar`: java.lang.NoClassDefFoundError: org/apache/commons/collections4/ListValuedMap
2025-11-19 10:26:47.858+0000 WARN  [o.n.k.a.p.GlobalProcedures] Failed to load `com.neo4j.gds.shaded.io.netty.handler.codec.marshalling.MarshallerProvider` from plugin jar `/var/lib/neo4j/plugins/graph-data-science.jar`: java.lang.NoClassDefFoundError: com/neo4j/gds/shaded/org/jboss/marshalling/Marshaller
2025-11-19 10:26:47.880+0000 WARN  [o.n.k.a.p.GlobalProcedures] Failed to load `com.neo4j.gds.shaded.io.netty.handler.codec.compression.ZstdDecoder` from plugin jar `/var/lib/neo4j/plugins/graph-data-science.jar`: java.lang.NoClassDefFoundError: com/neo4j/gds/shaded/com/github/luben/zstd/ZstdInputStreamNoFinalizer
2025-11-19 10:26:47.886+0000 WARN  [o.n.k.a.p.GlobalProcedures] Failed to load `com.neo4j.gds.metrics.ShutdownTimeMetric` from plugin jar `/var/lib/neo4j/plugins/graph-data-science.jar`: java.lang.NoClassDefFoundError: io/prometheus/client/SimpleCollector
2025-11-19 10:26:47.897+0000 WARN  [o.n.k.a.p.GlobalProcedures] Failed to load `com.opencsv.bean.customconverter.ConvertFrenchToBoolean` from plugin jar `/var/lib/neo4j/plugins/apoc.jar`: java.lang.NoClassDefFoundError: org/apache/commons/beanutils/ConversionException
2025-11-19 10:26:47.899+0000 WARN  [o.n.k.a.p.GlobalProcedures] Failed to load `com.jayway.jsonpath.spi.mapper.JakartaMappingProvider$JsonObjectScope` from plugin jar `/var/lib/neo4j/plugins/apoc.jar`: java.lang.NoClassDefFoundError: jakarta/json/JsonValue
2025-11-19 10:26:47.946+0000 WARN  [o.n.k.a.p.GlobalProcedures] Failed to load `com.neo4j.gds.shaded.com.fasterxml.jackson.databind.ext.DOMDeserializer` from plugin jar `/var/lib/neo4j/plugins/graph-data-science.jar`: java.lang.NoClassDefFoundError: com/neo4j/gds/shaded/org/w3c/dom/Document
2025-11-19 10:26:47.982+0000 WARN  [o.n.k.a.p.GlobalProcedures] Failed to load `com.neo4j.gds.shaded.io.netty.handler.codec.marshalling.ContextBoundUnmarshallerProvider` from plugin jar `/var/lib/neo4j/plugins/graph-data-science.jar`: java.lang.NoClassDefFoundError: com/neo4j/gds/shaded/org/jboss/marshalling/Unmarshaller
2025-11-19 10:26:48.002+0000 WARN  [o.n.k.a.p.GlobalProcedures] Failed to load `com.opencsv.bean.StatefulBeanToCsvBuilder` from plugin jar `/var/lib/neo4j/plugins/apoc.jar`: java.lang.NoClassDefFoundError: org/apache/commons/collections4/ListValuedMap
2025-11-19 10:26:48.048+0000 WARN  [o.n.k.a.p.GlobalProcedures] Failed to load `com.neo4j.gds.shaded.io.netty.handler.codec.compression.JZlibDecoder` from plugin jar `/var/lib/neo4j/plugins/graph-data-science.jar`: java.lang.NoClassDefFoundError: com/neo4j/gds/shaded/com/jcraft/jzlib/Inflater
2025-11-19 10:26:48.073+0000 WARN  [o.n.k.a.p.GlobalProcedures] Failed to load `apoc.util.s3.S3OutputStream$S3UploadManager` from plugin jar `/var/lib/neo4j/plugins/apoc.jar`: java.lang.NoClassDefFoundError: com/amazonaws/services/s3/AmazonS3
2025-11-19 10:26:48.085+0000 WARN  [o.n.k.a.p.GlobalProcedures] Failed to load `com.opencsv.bean.ConverterPrimitiveTypes` from plugin jar `/var/lib/neo4j/plugins/apoc.jar`: java.lang.NoClassDefFoundError: org/apache/commons/beanutils/ConversionException
2025-11-19 10:26:48.164+0000 WARN  [o.n.k.a.p.GlobalProcedures] Failed to load `com.jayway.jsonpath.spi.mapper.JakartaMappingProvider$JsonStructureScope` from plugin jar `/var/lib/neo4j/plugins/apoc.jar`: java.lang.NoClassDefFoundError: jakarta/json/JsonValue
2025-11-19 10:26:48.218+0000 WARN  [o.n.k.a.p.GlobalProcedures] Failed to load `com.neo4j.gds.shaded.com.fasterxml.jackson.databind.ext.DOMDeserializer$NodeDeserializer` from plugin jar `/var/lib/neo4j/plugins/graph-data-science.jar`: java.lang.NoClassDefFoundError: com/neo4j/gds/shaded/org/w3c/dom/Node
2025-11-19 10:26:48.281+0000 WARN  [o.n.k.a.p.GlobalProcedures] Failed to load `com.neo4j.gds.shaded.io.netty.handler.ssl.JettyAlpnSslEngine$ServerEngine$1` from plugin jar `/var/lib/neo4j/plugins/graph-data-science.jar`: java.lang.NoClassDefFoundError: com/neo4j/gds/shaded/org/eclipse/jetty/alpn/ALPN$ServerProvider
2025-11-19 10:26:48.282+0000 WARN  [o.n.k.a.p.GlobalProcedures] Failed to load `com.neo4j.gds.shaded.io.netty.handler.ssl.JettyAlpnSslEngine$ServerEngine` from plugin jar `/var/lib/neo4j/plugins/graph-data-science.jar`: java.lang.NoClassDefFoundError: com/neo4j/gds/shaded/org/eclipse/jetty/alpn/ALPN$Provider
2025-11-19 10:26:48.311+0000 WARN  [o.n.k.a.p.GlobalProcedures] Failed to load `com.opencsv.bean.HeaderColumnNameTranslateMappingStrategy` from plugin jar `/var/lib/neo4j/plugins/apoc.jar`: java.lang.NoClassDefFoundError: org/apache/commons/collections4/MultiValuedMap
2025-11-19 10:26:48.342+0000 WARN  [o.n.k.a.p.GlobalProcedures] Failed to load `com.opencsv.bean.MappingStrategy` from plugin jar `/var/lib/neo4j/plugins/apoc.jar`: java.lang.NoClassDefFoundError: org/apache/commons/collections4/MultiValuedMap
2025-11-19 10:26:48.362+0000 WARN  [o.n.k.a.p.GlobalProcedures] Failed to load `com.neo4j.gds.shaded.io.netty.handler.codec.marshalling.ChannelBufferByteOutput` from plugin jar `/var/lib/neo4j/plugins/graph-data-science.jar`: java.lang.NoClassDefFoundError: com/neo4j/gds/shaded/org/jboss/marshalling/ByteOutput
2025-11-19 10:26:48.375+0000 WARN  [o.n.k.a.p.GlobalProcedures] Failed to load `com.neo4j.gds.shaded.io.netty.handler.codec.compression.BrotliMode` from plugin jar `/var/lib/neo4j/plugins/graph-data-science.jar`: java.lang.NoClassDefFoundError: com/neo4j/gds/shaded/com/aayushatharva/brotli4j/encoder/Encoder$Mode
2025-11-19 10:26:48.430+0000 WARN  [o.n.k.a.p.GlobalProcedures] Failed to load `org.neo4j.gds.compat._44.Neo4jProxyImpl` from plugin jar `/var/lib/neo4j/plugins/graph-data-science.jar`: java.lang.NoClassDefFoundError: org/neo4j/internal/kernel/api/Scan
2025-11-19 10:26:48.431+0000 WARN  [o.n.k.a.p.GlobalProcedures] Failed to load `com.neo4j.gds.metrics.GdsMetric` from plugin jar `/var/lib/neo4j/plugins/graph-data-science.jar`: java.lang.NoClassDefFoundError: io/prometheus/client/SimpleCollector
2025-11-19 10:26:48.453+0000 WARN  [o.n.k.a.p.GlobalProcedures] Failed to load `com.neo4j.gds.metrics.AuraBackupFailureMetric$Listener` from plugin jar `/var/lib/neo4j/plugins/graph-data-science.jar`: java.lang.NoClassDefFoundError: io/prometheus/client/Counter
2025-11-19 10:26:48.497+0000 WARN  [o.n.k.a.p.GlobalProcedures] Failed to load `com.opencsv.bean.HeaderNameBaseMappingStrategy` from plugin jar `/var/lib/neo4j/plugins/apoc.jar`: java.lang.NoClassDefFoundError: org/apache/commons/collections4/MultiValuedMap
2025-11-19 10:26:48.517+0000 WARN  [o.n.k.a.p.GlobalProcedures] Failed to load `com.neo4j.gds.core.write.DefaultQueryRunner` from plugin jar `/var/lib/neo4j/plugins/graph-data-science.jar`: java.lang.NoClassDefFoundError: com/neo4j/kernel/enterprise/api/security/EnterpriseLoginContext
2025-11-19 10:26:48.532+0000 WARN  [o.n.k.a.p.GlobalProcedures] Failed to load `com.opencsv.bean.ColumnPositionMappingStrategy` from plugin jar `/var/lib/neo4j/plugins/apoc.jar`: java.lang.NoClassDefFoundError: org/apache/commons/collections4/MultiValuedMap
2025-11-19 10:26:48.581+0000 WARN  [o.n.k.a.p.GlobalProcedures] Failed to load `com.neo4j.gds.shaded.io.netty.util.internal.Hidden$NettyBlockHoundIntegration` from plugin jar `/var/lib/neo4j/plugins/graph-data-science.jar`: java.lang.NoClassDefFoundError: reactor/blockhound/integration/BlockHoundIntegration
2025-11-19 10:26:48.636+0000 WARN  [o.n.k.a.p.GlobalProcedures] Failed to load `com.neo4j.gds.core.write.CypherRelationshipPropertiesExporterBuilder` from plugin jar `/var/lib/neo4j/plugins/graph-data-science.jar`: java.lang.NoClassDefFoundError: com/neo4j/kernel/enterprise/api/security/EnterpriseLoginContext
2025-11-19 10:26:48.675+0000 WARN  [o.n.k.a.p.GlobalProcedures] Failed to load `com.neo4j.gds.shaded.io.netty.handler.ssl.ConscryptAlpnSslEngine$ServerEngine$1` from plugin jar `/var/lib/neo4j/plugins/graph-data-science.jar`: java.lang.NoClassDefFoundError: com/neo4j/gds/shaded/org/conscrypt/HandshakeListener
2025-11-19 10:26:48.814+0000 WARN  [o.n.k.a.p.GlobalProcedures] Failed to load `com.neo4j.gds.metrics.AuraBackupFailureMetric` from plugin jar `/var/lib/neo4j/plugins/graph-data-science.jar`: java.lang.NoClassDefFoundError: io/prometheus/client/SimpleCollector
2025-11-19 10:26:48.829+0000 WARN  [o.n.k.a.p.GlobalProcedures] Failed to load `com.neo4j.gds.metrics.algorithms.PrometheusMetricsForAlgorithmsProvider` from plugin jar `/var/lib/neo4j/plugins/graph-data-science.jar`: java.lang.NoClassDefFoundError: io/prometheus/client/Counter
2025-11-19 10:26:48.871+0000 WARN  [o.n.k.a.p.GlobalProcedures] Failed to load `com.opencsv.bean.HeaderColumnNameMappingStrategy` from plugin jar `/var/lib/neo4j/plugins/apoc.jar`: java.lang.NoClassDefFoundError: org/apache/commons/collections4/MultiValuedMap
2025-11-19 10:26:48.910+0000 WARN  [o.n.k.a.p.GlobalProcedures] Failed to load `com.neo4j.gds.shaded.io.netty.handler.codec.compression.StandardCompressionOptions` from plugin jar `/var/lib/neo4j/plugins/graph-data-science.jar`: java.lang.NoClassDefFoundError: com/neo4j/gds/shaded/com/aayushatharva/brotli4j/encoder/Encoder$Parameters
2025-11-19 10:26:48.922+0000 WARN  [o.n.k.a.p.GlobalProcedures] Failed to load `com.opencsv.bean.concurrent.LineExecutor` from plugin jar `/var/lib/neo4j/plugins/apoc.jar`: java.lang.NoClassDefFoundError: org/apache/commons/collections4/ListValuedMap
2025-11-19 10:26:48.977+0000 WARN  [o.n.k.a.p.GlobalProcedures] Failed to load `com.neo4j.gds.shaded.io.netty.handler.codec.marshalling.UnmarshallerProvider` from plugin jar `/var/lib/neo4j/plugins/graph-data-science.jar`: java.lang.NoClassDefFoundError: com/neo4j/gds/shaded/org/jboss/marshalling/Unmarshaller
2025-11-19 10:26:48.996+0000 WARN  [o.n.k.a.p.GlobalProcedures] Failed to load `com.neo4j.gds.shaded.io.netty.handler.codec.compression.Lz4FrameEncoder` from plugin jar `/var/lib/neo4j/plugins/graph-data-science.jar`: java.lang.NoClassDefFoundError: net/jpountz/lz4/LZ4Exception
2025-11-19 10:26:49.035+0000 WARN  [o.n.k.a.p.GlobalProcedures] Failed to load `com.neo4j.gds.shaded.io.netty.handler.ssl.ConscryptAlpnSslEngine$BufferAdapter` from plugin jar `/var/lib/neo4j/plugins/graph-data-science.jar`: java.lang.NoClassDefFoundError: com/neo4j/gds/shaded/org/conscrypt/AllocatedBuffer
2025-11-19 10:26:49.152+0000 WARN  [o.n.k.a.p.GlobalProcedures] Failed to load `org.neo4j.gds.compat._44.InMemoryVersionCheck` from plugin jar `/var/lib/neo4j/plugins/graph-data-science.jar`: java.lang.NoClassDefFoundError: org/neo4j/storageengine/api/StoreVersionCheck$Result
2025-11-19 10:26:49.181+0000 WARN  [o.n.k.a.p.GlobalProcedures] Failed to load `apoc.util.s3.S3URLConnection` from plugin jar `/var/lib/neo4j/plugins/apoc.jar`: java.lang.NoClassDefFoundError: com/amazonaws/ClientConfiguration
2025-11-19 10:26:49.192+0000 WARN  [o.n.k.a.p.GlobalProcedures] Failed to load `com.jayway.jsonpath.spi.json.JakartaJsonProvider$JsonObjectProxy` from plugin jar `/var/lib/neo4j/plugins/apoc.jar`: java.lang.NoClassDefFoundError: jakarta/json/JsonObject
2025-11-19 10:26:49.235+0000 WARN  [o.n.k.a.p.GlobalProcedures] Failed to load `com.neo4j.gds.shaded.io.netty.handler.codec.compression.LzfEncoder` from plugin jar `/var/lib/neo4j/plugins/graph-data-science.jar`: java.lang.NoClassDefFoundError: com/neo4j/gds/shaded/com/ning/compress/lzf/ChunkEncoder
2025-11-19 10:26:49.241+0000 WARN  [o.n.k.a.p.GlobalProcedures] Failed to load `com.neo4j.gds.shaded.io.netty.handler.codec.compression.BrotliDecoder` from plugin jar `/var/lib/neo4j/plugins/graph-data-science.jar`: java.lang.NoClassDefFoundError: com/neo4j/gds/shaded/com/aayushatharva/brotli4j/decoder/DecoderJNI$Wrapper
2025-11-19 10:26:49.291+0000 WARN  [o.n.k.a.p.GlobalProcedures] Failed to load `META-INF.versions.9.module-info` from plugin jar `/var/lib/neo4j/plugins/apoc.jar`: java.lang.NoClassDefFoundError: META-INF/versions/9/module-info is not a class because access_flag ACC_MODULE is set
2025-11-19 10:26:49.312+0000 WARN  [o.n.k.a.p.GlobalProcedures] Failed to load `com.neo4j.gds.shaded.com.fasterxml.jackson.databind.ext.DOMSerializer` from plugin jar `/var/lib/neo4j/plugins/graph-data-science.jar`: java.lang.NoClassDefFoundError: com/neo4j/gds/shaded/org/w3c/dom/Node
2025-11-19 10:26:49.322+0000 WARN  [o.n.k.a.p.GlobalProcedures] Failed to load `com.opencsv.bean.customconverter.ConverterLanguageToBoolean` from plugin jar `/var/lib/neo4j/plugins/apoc.jar`: java.lang.NoClassDefFoundError: org/apache/commons/beanutils/ConversionException
2025-11-19 10:26:49.347+0000 WARN  [o.n.k.a.p.GlobalProcedures] Failed to load `com.neo4j.gds.shaded.io.netty.handler.ssl.BouncyCastlePemReader` from plugin jar `/var/lib/neo4j/plugins/graph-data-science.jar`: java.lang.NoClassDefFoundError: com/neo4j/gds/shaded/org/bouncycastle/openssl/PEMParser
2025-11-19 10:26:49.355+0000 WARN  [o.n.k.a.p.GlobalProcedures] Failed to load `com.neo4j.gds.metrics.CreatedModelsMetric` from plugin jar `/var/lib/neo4j/plugins/graph-data-science.jar`: java.lang.NoClassDefFoundError: io/prometheus/client/SimpleCollector
2025-11-19 10:26:49.399+0000 WARN  [o.n.k.a.p.GlobalProcedures] Failed to load `com.neo4j.gds.shaded.io.netty.handler.codec.marshalling.ThreadLocalMarshallerProvider` from plugin jar `/var/lib/neo4j/plugins/graph-data-science.jar`: java.lang.NoClassDefFoundError: com/neo4j/gds/shaded/org/jboss/marshalling/Marshaller
2025-11-19 10:26:49.413+0000 WARN  [o.n.k.a.p.GlobalProcedures] Failed to load `com.neo4j.gds.shaded.org.apache.arrow.flight.impl.FlightServiceGrpc$FlightServiceBlockingV2Stub` from plugin jar `/var/lib/neo4j/plugins/graph-data-science.jar`: java.lang.NoClassDefFoundError: com/neo4j/gds/shaded/io/grpc/stub/BlockingClientCall
2025-11-19 10:26:49.451+0000 WARN  [o.n.k.a.p.GlobalProcedures] Failed to load `com.neo4j.gds.shaded.io.netty.util.internal.logging.CommonsLogger` from plugin jar `/var/lib/neo4j/plugins/graph-data-science.jar`: java.lang.NoClassDefFoundError: com/neo4j/gds/shaded/org/apache/commons/logging/Log
2025-11-19 10:26:49.452+0000 WARN  [o.n.k.a.p.GlobalProcedures] Failed to load `com.neo4j.gds.shaded.io.netty.handler.ssl.ConscryptAlpnSslEngine$BufferAllocatorAdapter` from plugin jar `/var/lib/neo4j/plugins/graph-data-science.jar`: java.lang.NoClassDefFoundError: com/neo4j/gds/shaded/org/conscrypt/BufferAllocator
2025-11-19 10:26:49.471+0000 WARN  [o.n.k.a.p.GlobalProcedures] Failed to load `com.jayway.jsonpath.spi.mapper.JakartaMappingProvider$JsonArrayScope` from plugin jar `/var/lib/neo4j/plugins/apoc.jar`: java.lang.NoClassDefFoundError: jakarta/json/JsonValue
2025-11-19 10:26:49.526+0000 WARN  [o.n.k.a.p.GlobalProcedures] Failed to load `com.neo4j.gds.shaded.io.netty.handler.ssl.JettyNpnSslEngine` from plugin jar `/var/lib/neo4j/plugins/graph-data-science.jar`: java.lang.NoClassDefFoundError: com/neo4j/gds/shaded/org/eclipse/jetty/npn/NextProtoNego$Provider
2025-11-19 10:26:49.532+0000 WARN  [o.n.k.a.p.GlobalProcedures] Failed to load `com.opencsv.bean.customconverter.ConvertGermanToBoolean` from plugin jar `/var/lib/neo4j/plugins/apoc.jar`: java.lang.NoClassDefFoundError: org/apache/commons/beanutils/ConversionException
2025-11-19 10:26:49.581+0000 WARN  [o.n.k.a.p.GlobalProcedures] Failed to load `apoc.util.google.cloud.GCStorageURLConnection` from plugin jar `/var/lib/neo4j/plugins/apoc.jar`: java.lang.NoClassDefFoundError: com/google/cloud/storage/Storage
2025-11-19 10:26:49.665+0000 WARN  [o.n.k.a.p.GlobalProcedures] Failed to load `com.neo4j.gds.metrics.ShutdownTimeMetric$Listener` from plugin jar `/var/lib/neo4j/plugins/graph-data-science.jar`: java.lang.NoClassDefFoundError: io/prometheus/client/Histogram
2025-11-19 10:26:49.666+0000 WARN  [o.n.k.a.p.GlobalProcedures] Failed to load `com.neo4j.gds.metrics.AuraBackupTimeMetric$Listener` from plugin jar `/var/lib/neo4j/plugins/graph-data-science.jar`: java.lang.NoClassDefFoundError: io/prometheus/client/Histogram
2025-11-19 10:26:49.668+0000 WARN  [o.n.k.a.p.GlobalProcedures] Failed to load `com.neo4j.gds.metrics.PrometheusExecutionMetricRegistrar` from plugin jar `/var/lib/neo4j/plugins/graph-data-science.jar`: java.lang.NoClassDefFoundError: io/prometheus/client/Counter
2025-11-19 10:26:49.689+0000 WARN  [o.n.k.a.p.GlobalProcedures] Failed to load `com.neo4j.gds.shaded.com.fasterxml.jackson.databind.ext.DOMDeserializer$DocumentDeserializer` from plugin jar `/var/lib/neo4j/plugins/graph-data-science.jar`: java.lang.NoClassDefFoundError: com/neo4j/gds/shaded/org/w3c/dom/Document
2025-11-19 10:26:49.690+0000 WARN  [o.n.k.a.p.GlobalProcedures] Failed to load `com.neo4j.gds.shaded.io.netty.handler.codec.compression.Lz4XXHash32` from plugin jar `/var/lib/neo4j/plugins/graph-data-science.jar`: java.lang.NoClassDefFoundError: net/jpountz/xxhash/XXHash32
2025-11-19 10:26:49.711+0000 WARN  [o.n.k.a.p.GlobalProcedures] Failed to load `org.neo4j.gds.compat._512.InMemoryVersionCheck` from plugin jar `/var/lib/neo4j/plugins/graph-data-science.jar`: java.lang.NoClassDefFoundError: org/neo4j/storageengine/api/StoreVersionCheck$MigrationCheckResult
2025-11-19 10:26:49.713+0000 WARN  [o.n.k.a.p.GlobalProcedures] Failed to load `com.neo4j.gds.shaded.io.netty.handler.codec.compression.ZlibUtil` from plugin jar `/var/lib/neo4j/plugins/graph-data-science.jar`: java.lang.NoClassDefFoundError: com/neo4j/gds/shaded/com/jcraft/jzlib/Inflater
2025-11-19 10:26:49.728+0000 WARN  [o.n.k.a.p.GlobalProcedures] Failed to load `org.neo4j.gds.compat._44.Neo4jProxyImpl$8` from plugin jar `/var/lib/neo4j/plugins/graph-data-science.jar`: java.lang.NoClassDefFoundError: org/neo4j/common/DependencyResolver$Adapter
2025-11-19 10:26:49.729+0000 WARN  [o.n.k.a.p.GlobalProcedures] Failed to load `org.neo4j.gds.compat._511.Neo4jProxyImpl$2` from plugin jar `/var/lib/neo4j/plugins/graph-data-science.jar`: java.lang.NoClassDefFoundError: org/neo4j/common/DependencyResolver$Adapter
2025-11-19 10:26:49.758+0000 WARN  [o.n.k.a.p.GlobalProcedures] Failed to load `com.opencsv.bean.FuzzyMappingStrategy` from plugin jar `/var/lib/neo4j/plugins/apoc.jar`: java.lang.NoClassDefFoundError: org/apache/commons/collections4/MultiValuedMap
2025-11-19 10:26:49.765+0000 WARN  [o.n.k.a.p.GlobalProcedures] Failed to load `com.neo4j.gds.shaded.io.netty.handler.codec.marshalling.CompatibleMarshallingEncoder` from plugin jar `/var/lib/neo4j/plugins/graph-data-science.jar`: java.lang.NoClassDefFoundError: com/neo4j/gds/shaded/org/jboss/marshalling/ByteOutput
2025-11-19 10:26:49.768+0000 WARN  [o.n.k.a.p.GlobalProcedures] Failed to load `com.neo4j.gds.shaded.io.netty.handler.ssl.util.BouncyCastleSelfSignedCertGenerator` from plugin jar `/var/lib/neo4j/plugins/graph-data-science.jar`: java.lang.NoClassDefFoundError: com/neo4j/gds/shaded/org/bouncycastle/cert/X509v3CertificateBuilder
2025-11-19 10:26:49.804+0000 WARN  [o.n.k.a.p.GlobalProcedures] Failed to load `com.neo4j.gds.shaded.io.netty.handler.codec.marshalling.ChannelBufferByteInput` from plugin jar `/var/lib/neo4j/plugins/graph-data-science.jar`: java.lang.NoClassDefFoundError: com/neo4j/gds/shaded/org/jboss/marshalling/ByteInput
2025-11-19 10:26:49.930+0000 WARN  [o.n.k.a.p.GlobalProcedures] Failed to load `com.jayway.jsonpath.spi.mapper.JakartaMappingProvider$JsonStructureToParserAdapter` from plugin jar `/var/lib/neo4j/plugins/apoc.jar`: java.lang.NoClassDefFoundError: jakarta/json/stream/JsonParser
2025-11-19 10:26:49.934+0000 WARN  [o.n.k.a.p.GlobalProcedures] Failed to load `com.neo4j.gds.shaded.io.netty.handler.codec.compression.BrotliEncoder$Writer` from plugin jar `/var/lib/neo4j/plugins/graph-data-science.jar`: java.lang.NoClassDefFoundError: com/neo4j/gds/shaded/com/aayushatharva/brotli4j/encoder/BrotliEncoderChannel
2025-11-19 10:26:49.972+0000 WARN  [o.n.k.a.p.GlobalProcedures] Failed to load `com.neo4j.gds.ClusterExporterBuilderCatalog$DelegatingEnterpriseLoginContext` from plugin jar `/var/lib/neo4j/plugins/graph-data-science.jar`: java.lang.NoClassDefFoundError: com/neo4j/kernel/enterprise/api/security/EnterpriseLoginContext
2025-11-19 10:26:49.981+0000 WARN  [o.n.k.a.p.GlobalProcedures] Failed to load `com.opencsv.bean.StatefulBeanToCsv` from plugin jar `/var/lib/neo4j/plugins/apoc.jar`: java.lang.NoClassDefFoundError: org/apache/commons/collections4/MultiValuedMap
2025-11-19 10:26:50.050+0000 WARN  [o.n.k.a.p.GlobalProcedures] Failed to load `com.neo4j.gds.core.write.CypherRelationshipExporterBuilder` from plugin jar `/var/lib/neo4j/plugins/graph-data-science.jar`: java.lang.NoClassDefFoundError: com/neo4j/kernel/enterprise/api/security/EnterpriseLoginContext
2025-11-19 10:26:50.069+0000 WARN  [o.n.k.a.p.GlobalProcedures] Failed to load `com.neo4j.gds.shaded.io.netty.util.internal.logging.Log4JLogger` from plugin jar `/var/lib/neo4j/plugins/graph-data-science.jar`: java.lang.NoClassDefFoundError: com/neo4j/gds/shaded/org/apache/log4j/Priority
2025-11-19 10:26:50.074+0000 WARN  [o.n.k.a.p.GlobalProcedures] Failed to load `org.neo4j.gds.compat._44.InMemoryStorageEngineFactory` from plugin jar `/var/lib/neo4j/plugins/graph-data-science.jar`: java.lang.NoClassDefFoundError: org/neo4j/storageengine/migration/RollingUpgradeCompatibility
2025-11-19 10:26:50.140+0000 WARN  [o.n.k.a.p.GlobalProcedures] Failed to load `com.jayway.jsonpath.spi.mapper.JakartaMappingProvider` from plugin jar `/var/lib/neo4j/plugins/apoc.jar`: java.lang.NoClassDefFoundError: jakarta/json/stream/JsonParser
2025-11-19 10:26:50.150+0000 WARN  [o.n.k.a.p.GlobalProcedures] Failed to load `com.neo4j.gds.shaded.io.netty.handler.ssl.JettyAlpnSslEngine$ClientEngine` from plugin jar `/var/lib/neo4j/plugins/graph-data-science.jar`: java.lang.NoClassDefFoundError: com/neo4j/gds/shaded/org/eclipse/jetty/alpn/ALPN$Provider
2025-11-19 10:26:50.175+0000 WARN  [o.n.k.a.p.GlobalProcedures] Failed to load `com.neo4j.gds.metrics.RestoreFailureMetric$Listener` from plugin jar `/var/lib/neo4j/plugins/graph-data-science.jar`: java.lang.NoClassDefFoundError: io/prometheus/client/Counter
2025-11-19 10:26:50.261+0000 WARN  [o.n.k.a.p.GlobalProcedures] Failed to load `com.neo4j.gds.core.write.CypherRelationshipStreamExporter` from plugin jar `/var/lib/neo4j/plugins/graph-data-science.jar`: java.lang.NoClassDefFoundError: com/neo4j/kernel/enterprise/api/security/EnterpriseLoginContext
2025-11-19 10:26:50.267+0000 WARN  [o.n.k.a.p.GlobalProcedures] Failed to load `com.neo4j.gds.shaded.io.netty.util.internal.logging.Log4J2Logger` from plugin jar `/var/lib/neo4j/plugins/graph-data-science.jar`: java.lang.NoClassDefFoundError: com/neo4j/gds/shaded/org/apache/logging/log4j/spi/ExtendedLoggerWrapper
2025-11-19 10:26:50.292+0000 WARN  [o.n.k.a.p.GlobalProcedures] Failed to load `com.neo4j.gds.shaded.org.reflections.serializers.XmlSerializer` from plugin jar `/var/lib/neo4j/plugins/graph-data-science.jar`: java.lang.NoClassDefFoundError: com/neo4j/gds/shaded/org/dom4j/Document
2025-11-19 10:26:50.304+0000 WARN  [o.n.k.a.p.GlobalProcedures] Failed to load `com.neo4j.gds.metrics.ShutdownFailureMetric$Listener` from plugin jar `/var/lib/neo4j/plugins/graph-data-science.jar`: java.lang.NoClassDefFoundError: io/prometheus/client/Counter
2025-11-19 10:26:50.322+0000 WARN  [o.n.k.a.p.GlobalProcedures] Failed to load `com.neo4j.gds.shaded.io.netty.handler.codec.marshalling.CompatibleMarshallingDecoder` from plugin jar `/var/lib/neo4j/plugins/graph-data-science.jar`: java.lang.NoClassDefFoundError: com/neo4j/gds/shaded/org/jboss/marshalling/ByteInput
2025-11-19 10:26:51.323+0000 WARN  [o.n.k.a.p.GlobalProcedures] Use of @Procedure(deprecatedBy) without @Deprecated in apoc.convert.toTree
2025-11-19 10:26:51.439+0000 INFO  [o.n.k.i.a.i.IndexPopulationJob] [system/00000000] Index population started: [Index( id=3, name='constraint_798238d6', type='RANGE', schema=(:DatabaseName {name, namespace}), indexProvider='range-1.0' )]
2025-11-19 10:26:51.457+0000 INFO  [o.n.k.i.a.i.IndexPopulationJob] [system/00000000] Index creation finished for index [Index( id=3, name='constraint_798238d6', type='RANGE', schema=(:DatabaseName {name, namespace}), indexProvider='range-1.0' )].
2025-11-19 10:26:51.469+0000 INFO  [o.n.k.i.a.i.IndexPopulationJob] [system/00000000] Index population started: [Index( id=4, name='constraint_8014b60a', type='RANGE', schema=(:Database {name}), indexProvider='range-1.0' )]
2025-11-19 10:26:51.475+0000 INFO  [o.n.k.i.a.i.IndexPopulationJob] [system/00000000] Index creation finished for index [Index( id=4, name='constraint_8014b60a', type='RANGE', schema=(:Database {name}), indexProvider='range-1.0' )].
2025-11-19 10:26:51.488+0000 INFO  [o.n.k.i.a.i.IndexingService] [system/00000000] Constraint Index( id=3, name='constraint_798238d6', type='RANGE', schema=(:Label[1] {PropertyKey[11], PropertyKey[12]}), indexProvider='range-1.0' ) is ONLINE.
2025-11-19 10:26:51.489+0000 INFO  [o.n.k.i.a.i.IndexingService] [system/00000000] Constraint Index( id=4, name='constraint_8014b60a', type='RANGE', schema=(:Label[2] {PropertyKey[11]}), indexProvider='range-1.0' ) is ONLINE.
2025-11-19 10:26:51.589+0000 INFO  [o.n.k.i.a.i.IndexPopulationJob] [system/00000000] Index population started: [Index( id=7, name='constraint_5789ae3', type='RANGE', schema=(:User {name}), indexProvider='range-1.0' )]
2025-11-19 10:26:51.596+0000 INFO  [o.n.k.i.a.i.IndexPopulationJob] [system/00000000] Index creation finished for index [Index( id=7, name='constraint_5789ae3', type='RANGE', schema=(:User {name}), indexProvider='range-1.0' )].
2025-11-19 10:26:51.601+0000 INFO  [o.n.k.i.a.i.IndexPopulationJob] [system/00000000] Index population started: [Index( id=8, name='constraint_74fad970', type='RANGE', schema=(:User {id}), indexProvider='range-1.0' )]
2025-11-19 10:26:51.606+0000 INFO  [o.n.k.i.a.i.IndexPopulationJob] [system/00000000] Index creation finished for index [Index( id=8, name='constraint_74fad970', type='RANGE', schema=(:User {id}), indexProvider='range-1.0' )].
2025-11-19 10:26:51.610+0000 INFO  [o.n.k.i.a.i.IndexingService] [system/00000000] Constraint Index( id=7, name='constraint_5789ae3', type='RANGE', schema=(:Label[3] {PropertyKey[11]}), indexProvider='range-1.0' ) is ONLINE.
2025-11-19 10:26:51.610+0000 INFO  [o.n.k.i.a.i.IndexingService] [system/00000000] Constraint Index( id=8, name='constraint_74fad970', type='RANGE', schema=(:Label[3] {PropertyKey[26]}), indexProvider='range-1.0' ) is ONLINE.
2025-11-19 10:26:51.611+0000 INFO  [o.n.s.s.s.UserSecurityGraphComponent] Initializing system graph model for component 'security-users' with version -1 and status UNINITIALIZED
2025-11-19 10:26:51.617+0000 INFO  [o.n.s.s.s.UserSecurityGraphComponent] Setting up initial user from `auth.ini` file: neo4j
2025-11-19 10:26:51.618+0000 INFO  [o.n.s.s.a.CommunitySecurityModule] CREATE USER neo4j PASSWORD ****** CHANGE NOT REQUIRED
2025-11-19 10:26:51.622+0000 INFO  [o.n.s.s.s.UserSecurityGraphComponent] Setting version for 'security-users' to 4
2025-11-19 10:26:51.623+0000 INFO  [o.n.s.s.s.UserSecurityGraphComponent] After initialization of system graph model component 'security-users' have version 4 and status CURRENT
2025-11-19 10:26:51.625+0000 INFO  [o.n.s.s.s.UserSecurityGraphComponent] Performing postInitialization step for component 'security-users' with version 4 and status CURRENT
2025-11-19 10:26:51.629+0000 INFO  [o.n.d.d.DatabaseLifecycles] Creating 'DatabaseId{b867231d[neo4j]}'.
2025-11-19 10:26:51.630+0000 INFO  [o.n.d.d.DatabaseLifecycles] Starting 'DatabaseId{b867231d[neo4j]}'.
2025-11-19 10:26:51.638+0000 INFO  [o.n.k.i.s.f.RecordFormatSelector] [neo4j/b867231d] Selected configured format for store /data/databases/neo4j: RecordFormat:PageAlignedV5_0[aligned-1.1]
2025-11-19 10:26:51.667+0000 INFO  [o.n.i.d.DiagnosticsManager] [neo4j/b867231d] 
                                                                [neo4j/b867231d] ********************************************************************************
                                                                [neo4j/b867231d]                               [ Database: neo4j ]                               
                                                                [neo4j/b867231d] ********************************************************************************
                                                                [neo4j/b867231d] --------------------------------------------------------------------------------
                                                                [neo4j/b867231d]                                   [ Version ]                                   
                                                                [neo4j/b867231d] --------------------------------------------------------------------------------
                                                                [neo4j/b867231d] DBMS: community record-aligned-1.1
                                                                [neo4j/b867231d] Kernel version: 5.20.0
                                                                [neo4j/b867231d] 
                                                                [neo4j/b867231d] --------------------------------------------------------------------------------
                                                                [neo4j/b867231d]                                 [ Store files ]                                 
                                                                [neo4j/b867231d] --------------------------------------------------------------------------------
                                                                [neo4j/b867231d] Disk space on partition (Total / Free / Free %): 245107195904 / 38085390336 / 15
                                                                [neo4j/b867231d] Storage files stored on file store: fakeowner
                                                                [neo4j/b867231d] Storage files: (filename : modification date - size)
                                                                [neo4j/b867231d]   neostore: 2025-11-19 10:26:51.653+0000 - 8.000KiB
                                                                [neo4j/b867231d]   neostore.counts.db: 2025-11-19 10:26:51.653+0000 - 0B
                                                                [neo4j/b867231d]   neostore.indexstats.db: 2025-11-19 10:26:51.654+0000 - 0B
                                                                [neo4j/b867231d]   neostore.labeltokenstore.db: 2025-11-19 10:26:51.650+0000 - 0B
                                                                [neo4j/b867231d]   neostore.labeltokenstore.db.id: 2025-11-19 10:26:51.650+0000 - 0B
                                                                [neo4j/b867231d]   neostore.labeltokenstore.db.names: 2025-11-19 10:26:51.649+0000 - 8.000KiB
                                                                [neo4j/b867231d]   neostore.labeltokenstore.db.names.id: 2025-11-19 10:26:51.648+0000 - 0B
                                                                [neo4j/b867231d]   neostore.nodestore.db: 2025-11-19 10:26:51.640+0000 - 0B
                                                                [neo4j/b867231d]   neostore.nodestore.db.id: 2025-11-19 10:26:51.640+0000 - 0B
                                                                [neo4j/b867231d]   neostore.nodestore.db.labels: 2025-11-19 10:26:51.639+0000 - 8.000KiB
                                                                [neo4j/b867231d]   neostore.nodestore.db.labels.id: 2025-11-19 10:26:51.638+0000 - 0B
                                                                [neo4j/b867231d]   neostore.propertystore.db: 2025-11-19 10:26:51.644+0000 - 0B
                                                                [neo4j/b867231d]   neostore.propertystore.db.arrays: 2025-11-19 10:26:51.643+0000 - 8.000KiB
                                                                [neo4j/b867231d]   neostore.propertystore.db.arrays.id: 2025-11-19 10:26:51.642+0000 - 0B
                                                                [neo4j/b867231d]   neostore.propertystore.db.id: 2025-11-19 10:26:51.644+0000 - 0B
                                                                [neo4j/b867231d]   neostore.propertystore.db.index: 2025-11-19 10:26:51.641+0000 - 0B
                                                                [neo4j/b867231d]   neostore.propertystore.db.index.id: 2025-11-19 10:26:51.641+0000 - 0B
                                                                [neo4j/b867231d]   neostore.propertystore.db.index.keys: 2025-11-19 10:26:51.641+0000 - 8.000KiB
                                                                [neo4j/b867231d]   neostore.propertystore.db.index.keys.id: 2025-11-19 10:26:51.640+0000 - 0B
                                                                [neo4j/b867231d]   neostore.propertystore.db.strings: 2025-11-19 10:26:51.642+0000 - 8.000KiB
                                                                [neo4j/b867231d]   neostore.propertystore.db.strings.id: 2025-11-19 10:26:51.642+0000 - 0B
                                                                [neo4j/b867231d]   neostore.relationshipgroupstore.db: 2025-11-19 10:26:51.652+0000 - 8.000KiB
                                                                [neo4j/b867231d]   neostore.relationshipgroupstore.db.id: 2025-11-19 10:26:51.652+0000 - 0B
                                                                [neo4j/b867231d]   neostore.relationshipgroupstore.degrees.db: 2025-11-19 10:26:51.654+0000 - 0B
                                                                [neo4j/b867231d]   neostore.relationshipstore.db: 2025-11-19 10:26:51.645+0000 - 0B
                                                                [neo4j/b867231d]   neostore.relationshipstore.db.id: 2025-11-19 10:26:51.644+0000 - 0B
                                                                [neo4j/b867231d]   neostore.relationshiptypestore.db: 2025-11-19 10:26:51.647+0000 - 0B
                                                                [neo4j/b867231d]   neostore.relationshiptypestore.db.id: 2025-11-19 10:26:51.647+0000 - 0B
                                                                [neo4j/b867231d]   neostore.relationshiptypestore.db.names: 2025-11-19 10:26:51.646+0000 - 8.000KiB
                                                                [neo4j/b867231d]   neostore.relationshiptypestore.db.names.id: 2025-11-19 10:26:51.646+0000 - 0B
                                                                [neo4j/b867231d]   neostore.schemastore.db: 2025-11-19 10:26:51.651+0000 - 8.000KiB
                                                                [neo4j/b867231d]   neostore.schemastore.db.id: 2025-11-19 10:26:51.651+0000 - 0B
                                                                [neo4j/b867231d] Storage summary: 
                                                                [neo4j/b867231d]   Total size of store: 72.00KiB
                                                                [neo4j/b867231d]   Total size of mapped files: 72.00KiB
                                                                [neo4j/b867231d] 
                                                                [neo4j/b867231d] --------------------------------------------------------------------------------
                                                                [neo4j/b867231d]                               [ Transaction log ]                               
                                                                [neo4j/b867231d] --------------------------------------------------------------------------------
                                                                [neo4j/b867231d] Transaction log files stored on file store: fakeowner
                                                                [neo4j/b867231d] Transaction log metadata:
                                                                [neo4j/b867231d]  - current kernel version used in transactions: V5_20
                                                                [neo4j/b867231d]  - last committed transaction id: 1
                                                                [neo4j/b867231d] Transaction log files:
                                                                [neo4j/b867231d]  - existing transaction log versions: -1--1
                                                                [neo4j/b867231d]  - no transactions found
                                                                [neo4j/b867231d] Checkpoint log files:
                                                                [neo4j/b867231d]  - existing checkpoint log versions: -1--1
                                                                [neo4j/b867231d]  - no checkpoints found
                                                                [neo4j/b867231d] 
                                                                [neo4j/b867231d] --------------------------------------------------------------------------------
                                                                [neo4j/b867231d]                                   [ Id usage ]                                  
                                                                [neo4j/b867231d] --------------------------------------------------------------------------------
                                                                [neo4j/b867231d] ArrayPropertyStore[neostore.nodestore.db.labels]: used=1 high=0
                                                                [neo4j/b867231d] NodeStore[neostore.nodestore.db]: used=0 high=-1
                                                                [neo4j/b867231d] StringPropertyStore[neostore.propertystore.db.index.keys]: used=1 high=0
                                                                [neo4j/b867231d] PropertyIndexStore[neostore.propertystore.db.index]: used=0 high=-1
                                                                [neo4j/b867231d] StringPropertyStore[neostore.propertystore.db.strings]: used=1 high=0
                                                                [neo4j/b867231d] ArrayPropertyStore[neostore.propertystore.db.arrays]: used=1 high=0
                                                                [neo4j/b867231d] PropertyStore[neostore.propertystore.db]: used=0 high=-1
                                                                [neo4j/b867231d] RelationshipStore[neostore.relationshipstore.db]: used=0 high=-1
                                                                [neo4j/b867231d] StringPropertyStore[neostore.relationshiptypestore.db.names]: used=1 high=0
                                                                [neo4j/b867231d] RelationshipTypeStore[neostore.relationshiptypestore.db]: used=0 high=-1
                                                                [neo4j/b867231d] StringPropertyStore[neostore.labeltokenstore.db.names]: used=1 high=0
                                                                [neo4j/b867231d] LabelTokenStore[neostore.labeltokenstore.db]: used=0 high=-1
                                                                [neo4j/b867231d] SchemaStore[neostore.schemastore.db]: used=1 high=0
                                                                [neo4j/b867231d] RelationshipGroupStore[neostore.relationshipgroupstore.db]: used=1 high=0
                                                                [neo4j/b867231d] NeoStore[neostore]: used=-1 high=-1
                                                                [neo4j/b867231d] 
                                                                [neo4j/b867231d] --------------------------------------------------------------------------------
                                                                [neo4j/b867231d]                                   [ Metadata ]                                  
                                                                [neo4j/b867231d] --------------------------------------------------------------------------------
                                                                [neo4j/b867231d] EXTERNAL_STORE_UUID (Database identifier exposed as external store identity. Generated on creation and never updated): b27acf0e-86b1-4eeb-a553-e0c76a548e5e
                                                                [neo4j/b867231d] DATABASE_ID (The last used DatabaseId for this database): null
                                                                [neo4j/b867231d] LEGACY_STORE_VERSION (Legacy store format version. This field is used from 5.0 onwards only to distinguish non-migrated pre 5.0 metadata stores.): -3523014627327384477
                                                                [neo4j/b867231d] STORE_ID (Store ID): StoreId{creationTime=1763548011653, random=-3688322848008233536, storageEngineName='record', formatName='aligned', majorVersion=1, minorVersion=1}
                                                                [neo4j/b867231d] 
2025-11-19 10:26:51.669+0000 INFO  [o.n.k.a.DatabaseAvailabilityGuard] [neo4j/b867231d] Requirement `Database unavailable` makes database neo4j unavailable.
2025-11-19 10:26:51.669+0000 INFO  [o.n.k.a.DatabaseAvailabilityGuard] [neo4j/b867231d] DatabaseId{b867231d[neo4j]} is unavailable.
2025-11-19 10:26:51.672+0000 WARN  [o.n.k.i.s.MetaDataStore] [neo4j/b867231d] Missing counts store, rebuilding it.
2025-11-19 10:26:51.672+0000 WARN  [o.n.k.i.s.MetaDataStore] [neo4j/b867231d] Counts store rebuild completed.
2025-11-19 10:26:51.754+0000 INFO  [o.n.k.d.Database] [neo4j/b867231d] Starting transaction log [/data/transactions/neo4j/neostore.transaction.db.0] at version=0
2025-11-19 10:26:51.758+0000 INFO  [o.n.k.d.Database] [neo4j/b867231d] Starting transaction log [/data/transactions/neo4j/checkpoint.0] at version=0
2025-11-19 10:26:51.760+0000 INFO  [o.n.k.i.t.l.f.c.CheckpointLogFile] [neo4j/b867231d] Scanning log file with version 0 for checkpoint entries
2025-11-19 10:26:51.776+0000 INFO  [o.n.k.a.DatabaseAvailabilityGuard] [neo4j/b867231d] Fulfilling of requirement 'Database unavailable' makes database neo4j available.
2025-11-19 10:26:51.777+0000 INFO  [o.n.k.a.DatabaseAvailabilityGuard] [neo4j/b867231d] DatabaseId{b867231d[neo4j]} is ready.
2025-11-19 10:26:51.783+0000 INFO  [o.n.k.i.a.i.IndexPopulationJob] [neo4j/b867231d] Index population started: [Index( id=2, name='index_f7700477', type='LOOKUP', schema=()-[:<any-types>]-(), indexProvider='token-lookup-1.0' )]
2025-11-19 10:26:51.792+0000 INFO  [o.n.k.i.a.i.IndexPopulationJob] [neo4j/b867231d] Index creation finished for index [Index( id=2, name='index_f7700477', type='LOOKUP', schema=()-[:<any-types>]-(), indexProvider='token-lookup-1.0' )].
2025-11-19 10:26:51.793+0000 INFO  [o.n.k.i.a.i.IndexPopulationJob] [neo4j/b867231d] Index population started: [Index( id=1, name='index_343aff4e', type='LOOKUP', schema=(:<any-labels>), indexProvider='token-lookup-1.0' )]
2025-11-19 10:26:51.801+0000 INFO  [o.n.k.i.a.i.IndexPopulationJob] [neo4j/b867231d] Index creation finished for index [Index( id=1, name='index_343aff4e', type='LOOKUP', schema=(:<any-labels>), indexProvider='token-lookup-1.0' )].
2025-11-19 10:26:51.806+0000 INFO  [o.n.k.i.t.l.c.CheckPointerImpl] [neo4j/b867231d] Checkpoint triggered by "Database init completed." @ txId: 3 checkpoint started...
2025-11-19 10:26:51.828+0000 INFO  [o.n.k.i.t.l.c.CheckPointerImpl] [neo4j/b867231d] Checkpoint triggered by "Database init completed." @ txId: 3 checkpoint completed in 21ms. Checkpoint flushed 74 pages (0% of total available pages), in 58 IOs. Checkpoint performed with IO limit: unlimited, paused in total 0 times( 0 millis).
2025-11-19 10:26:51.828+0000 INFO  [o.n.k.i.t.l.p.LogPruningImpl] [neo4j/b867231d] No log version pruned. The strategy used was '2 days 2147483648 size'. 
2025-11-19 10:26:51.834+0000 INFO  [o.n.u.UserDataCollector] Anonymous Usage Data is being sent to Neo4j, see https://neo4j.com/docs/usage_data/
2025-11-19 10:26:51.937+0000 INFO  [o.n.b.p.c.c.n.SocketNettyConnector] Bolt enabled on 0.0.0.0:7687.
2025-11-19 10:26:51.938+0000 WARN  [i.n.b.ServerBootstrap] Unknown channel option 'SO_REUSEADDR' for channel '[id: 0xc0983c86]'
2025-11-19 10:26:51.942+0000 INFO  [o.n.b.BoltServer] Bolt server started
2025-11-19 10:26:51.942+0000 INFO  [o.n.s.A.ServerComponentsLifecycleAdapter] Starting web server
2025-11-19 10:26:52.347+0000 INFO  [o.n.s.CommunityNeoWebServer] HTTP enabled on 0.0.0.0:7474.
2025-11-19 10:26:52.348+0000 INFO  [o.n.s.CommunityNeoWebServer] Remote interface available at http://localhost:7474/
2025-11-19 10:26:52.348+0000 INFO  [o.n.s.A.ServerComponentsLifecycleAdapter] Web server started.
2025-11-19 10:26:52.350+0000 INFO  [o.n.g.f.DatabaseManagementServiceFactory] id: DA5CF6D074CA4CFEFA2E55D1380D2F761F9BC95AEF240F377616C744EB210C17
2025-11-19 10:26:52.350+0000 INFO  [o.n.g.f.DatabaseManagementServiceFactory] name: system
2025-11-19 10:26:52.351+0000 INFO  [o.n.g.f.DatabaseManagementServiceFactory] creationDate: 2025-11-19T10:26:43.698Z
2025-11-19 10:27:15.199+0000 INFO  [o.n.k.i.a.i.IndexPopulationJob] [neo4j/b867231d] Index population started: [Index( id=3, name='product_id', type='RANGE', schema=(:Product {id}), indexProvider='range-1.0' )]
2025-11-19 10:27:15.206+0000 INFO  [o.n.k.i.a.i.IndexPopulationJob] [neo4j/b867231d] Index creation finished for index [Index( id=3, name='product_id', type='RANGE', schema=(:Product {id}), indexProvider='range-1.0' )].
2025-11-19 10:27:15.213+0000 INFO  [o.n.k.i.a.i.IndexingService] [neo4j/b867231d] Constraint Index( id=3, name='product_id', type='RANGE', schema=(:Label[0] {PropertyKey[10]}), indexProvider='range-1.0' ) is ONLINE.
2025-11-19 10:27:15.228+0000 INFO  [o.n.k.i.a.i.IndexPopulationJob] [neo4j/b867231d] Index population started: [Index( id=5, name='category_id', type='RANGE', schema=(:Category {id}), indexProvider='range-1.0' )]
2025-11-19 10:27:15.233+0000 INFO  [o.n.k.i.a.i.IndexPopulationJob] [neo4j/b867231d] Index creation finished for index [Index( id=5, name='category_id', type='RANGE', schema=(:Category {id}), indexProvider='range-1.0' )].
2025-11-19 10:27:15.236+0000 INFO  [o.n.k.i.a.i.IndexingService] [neo4j/b867231d] Constraint Index( id=5, name='category_id', type='RANGE', schema=(:Label[1] {PropertyKey[10]}), indexProvider='range-1.0' ) is ONLINE.
2025-11-19 10:27:15.246+0000 INFO  [o.n.k.i.a.i.IndexPopulationJob] [neo4j/b867231d] Index population started: [Index( id=7, name='order_id', type='RANGE', schema=(:Order {id}), indexProvider='range-1.0' )]
2025-11-19 10:27:15.251+0000 INFO  [o.n.k.i.a.i.IndexPopulationJob] [neo4j/b867231d] Index creation finished for index [Index( id=7, name='order_id', type='RANGE', schema=(:Order {id}), indexProvider='range-1.0' )].
2025-11-19 10:27:15.253+0000 INFO  [o.n.k.i.a.i.IndexingService] [neo4j/b867231d] Constraint Index( id=7, name='order_id', type='RANGE', schema=(:Label[2] {PropertyKey[10]}), indexProvider='range-1.0' ) is ONLINE.
2025-11-19 10:27:15.269+0000 INFO  [o.n.k.i.a.i.IndexPopulationJob] [neo4j/b867231d] Index population started: [Index( id=9, name='product_name', type='RANGE', schema=(:Product {name}), indexProvider='range-1.0' )]
2025-11-19 10:27:15.275+0000 INFO  [o.n.k.i.a.i.IndexPopulationJob] [neo4j/b867231d] Index creation finished for index [Index( id=9, name='product_name', type='RANGE', schema=(:Product {name}), indexProvider='range-1.0' )].
2025-11-19 10:27:15.294+0000 INFO  [o.n.k.i.a.i.IndexPopulationJob] [neo4j/b867231d] Index population started: [Index( id=10, name='category_name', type='RANGE', schema=(:Category {name}), indexProvider='range-1.0' )]
2025-11-19 10:27:15.302+0000 INFO  [o.n.k.i.a.i.IndexPopulationJob] [neo4j/b867231d] Index creation finished for index [Index( id=10, name='category_name', type='RANGE', schema=(:Category {name}), indexProvider='range-1.0' )].
2025-11-19 10:29:31.444+0000 INFO  [o.n.c.i.c.CypherQueryCaches] [neo4j/b867231d] Discarded stale query from the query cache after 135 seconds. Reason: IndexPropertyExistsSelectivity(IndexDescriptor(Text,Node(LabelId(1)),List(PropertyKeyId(10)),Set(),NONE,DoNotGetValue,None,false)) changed from 0.1 to 0.0, which is a divergence of 1.0 which is greater than threshold 0.7264040519446664. Query id: 47.
2025-11-19 10:29:31.477+0000 INFO  [o.n.c.i.c.CypherQueryCaches] [neo4j/b867231d] Discarded stale query from the query cache after 135 seconds. Reason: IndexSelectivity(IndexDescriptor(Range,Node(LabelId(1)),List(PropertyKeyId(10)),Set(),NONE,DoNotGetValue,None,false)) changed from 0.0 to 0.5, which is a divergence of 1.0 which is greater than threshold 0.7264055042946935. Query id: 48.
2025-11-19 10:29:31.491+0000 INFO  [o.n.c.i.c.CypherQueryCaches] [neo4j/b867231d] Discarded stale query from the query cache after 135 seconds. Reason: IndexSelectivity(IndexDescriptor(Range,Node(LabelId(1)),List(PropertyKeyId(10)),Set(),NONE,DoNotGetValue,None,false)) changed from 0.0 to 0.5, which is a divergence of 1.0 which is greater than threshold 0.7264356418683243. Query id: 49.
2025-11-19 10:29:31.527+0000 INFO  [o.n.c.i.c.CypherQueryCaches] [neo4j/b867231d] Discarded stale query from the query cache after 135 seconds. Reason: IndexSelectivity(IndexDescriptor(Range,Node(LabelId(1)),List(PropertyKeyId(10)),Set(),NONE,DoNotGetValue,None,false)) changed from 0.0 to 0.5, which is a divergence of 1.0 which is greater than threshold 0.7264450830684233. Query id: 50.
2025-11-19 10:29:31.564+0000 INFO  [o.n.c.i.c.CypherQueryCaches] [neo4j/b867231d] Discarded stale query from the query cache after 135 seconds. Reason: IndexSelectivity(IndexDescriptor(Range,Node(LabelId(2)),List(PropertyKeyId(10)),Set(),NONE,DoNotGetValue,None,false)) changed from 0.0 to 0.3333333333333333, which is a divergence of 1.0 which is greater than threshold 0.7264719555196516. Query id: 56.
2025-11-19 10:29:31.599+0000 INFO  [o.n.c.i.c.CypherQueryCaches] [neo4j/b867231d] Discarded stale query from the query cache after 135 seconds. Reason: IndexSelectivity(IndexDescriptor(Range,Node(LabelId(2)),List(PropertyKeyId(10)),Set(),NONE,DoNotGetValue,None,false)) changed from 0.0 to 0.3333333333333333, which is a divergence of 1.0 which is greater than threshold 0.7264790371046693. Query id: 59.
2025-11-19 10:29:31.636+0000 INFO  [o.n.c.i.c.CypherQueryCaches] [neo4j/b867231d] Discarded stale query from the query cache after 135 seconds. Reason: IndexSelectivity(IndexDescriptor(Range,Node(LabelId(0)),List(PropertyKeyId(10)),Set(),NONE,DoNotGetValue,None,false)) changed from 0.0 to 0.25, which is a divergence of 1.0 which is greater than threshold 0.7264864819967574. Query id: 64.
2025-11-19 10:29:31.665+0000 INFO  [o.n.c.i.c.CypherQueryCaches] [neo4j/b867231d] Discarded stale query from the query cache after 135 seconds. Reason: IndexSelectivity(IndexDescriptor(Range,Node(LabelId(0)),List(PropertyKeyId(10)),Set(),NONE,DoNotGetValue,None,false)) changed from 0.0 to 0.25, which is a divergence of 1.0 which is greater than threshold 0.7264901137068064. Query id: 65.
2025-11-19 10:29:31.694+0000 INFO  [o.n.c.i.c.CypherQueryCaches] [neo4j/b867231d] Discarded stale query from the query cache after 135 seconds. Reason: IndexSelectivity(IndexDescriptor(Range,Node(LabelId(0)),List(PropertyKeyId(10)),Set(),NONE,DoNotGetValue,None,false)) changed from 0.0 to 0.25, which is a divergence of 1.0 which is greater than threshold 0.726492655925445. Query id: 68.
2025-11-19 10:37:38.743+0000 INFO  [o.n.c.i.c.CypherQueryCaches] [neo4j/b867231d] Discarded stale query from the query cache after 595 seconds. Reason: CardinalityByLabelsAndRelationshipType(None,Some(RelTypeId(3)),None) changed from 3.0 to 9.0, which is a divergence of 0.6666666666666666 which is greater than threshold 0.6516257160531932. Query id: 221.
2025-11-19 10:41:44.314+0000 INFO  [o.n.k.i.t.l.c.CheckPointerImpl] [system/00000000] Checkpoint triggered by "Scheduled checkpoint for every 15 minutes threshold" @ txId: 37 checkpoint started...
2025-11-19 10:41:44.384+0000 INFO  [o.n.k.i.t.l.c.CheckPointerImpl] [system/00000000] Checkpoint triggered by "Scheduled checkpoint for every 15 minutes threshold" @ txId: 37 checkpoint completed in 65ms. Checkpoint flushed 69 pages (0% of total available pages), in 69 IOs. Checkpoint performed with IO limit: unlimited, paused in total 0 times( 0 millis).
2025-11-19 10:41:44.384+0000 INFO  [o.n.k.i.t.l.p.LogPruningImpl] [system/00000000] No log version pruned. The strategy used was '2 days 2147483648 size'. 
2025-11-19 10:41:52.054+0000 INFO  [o.n.k.i.t.l.c.CheckPointerImpl] [neo4j/b867231d] Checkpoint triggered by "Scheduled checkpoint for every 15 minutes threshold" @ txId: 72 checkpoint started...
2025-11-19 10:41:52.104+0000 INFO  [o.n.k.i.t.l.c.CheckPointerImpl] [neo4j/b867231d] Checkpoint triggered by "Scheduled checkpoint for every 15 minutes threshold" @ txId: 72 checkpoint completed in 48ms. Checkpoint flushed 71 pages (0% of total available pages), in 71 IOs. Checkpoint performed with IO limit: unlimited, paused in total 0 times( 0 millis).
2025-11-19 10:41:52.104+0000 INFO  [o.n.k.i.t.l.p.LogPruningImpl] [neo4j/b867231d] No log version pruned. The strategy used was '2 days 2147483648 size'. 
2025-11-19 11:21:34.343+0000 WARN  [o.n.k.i.c.VmPauseMonitorComponent] Detected VM stop-the-world pause: {pauseTime=1222, gcTime=0, gcCount=0}
2025-11-19 11:58:22.265+0000 WARN  [o.n.k.i.c.VmPauseMonitorComponent] Detected VM stop-the-world pause: {pauseTime=1128, gcTime=0, gcCount=0}
2025-11-19 13:52:34.328+0000 WARN  [o.n.k.i.c.VmPauseMonitorComponent] Detected VM stop-the-world pause: {pauseTime=1220, gcTime=0, gcCount=0}
2025-11-19 13:52:34.597+0000 WARN  [o.n.k.i.c.VmPauseMonitorComponent] Detected VM stop-the-world pause: {pauseTime=223, gcTime=0, gcCount=0}
2025-11-19 14:05:16.750+0000 WARN  [o.n.k.i.c.VmPauseMonitorComponent] Detected VM stop-the-world pause: {pauseTime=769, gcTime=0, gcCount=0}
2025-11-19 14:05:29.226+0000 WARN  [o.n.k.i.c.VmPauseMonitorComponent] Detected VM stop-the-world pause: {pauseTime=858, gcTime=0, gcCount=0}
2025-11-19 14:21:44.223+0000 WARN  [o.n.k.i.c.VmPauseMonitorComponent] Detected VM stop-the-world pause: {pauseTime=717, gcTime=0, gcCount=0}
2025-11-19 14:21:52.572+0000 WARN  [o.n.k.i.c.VmPauseMonitorComponent] Detected VM stop-the-world pause: {pauseTime=981, gcTime=0, gcCount=0}
2025-11-19 14:56:44.556+0000 WARN  [o.n.k.i.c.VmPauseMonitorComponent] Detected VM stop-the-world pause: {pauseTime=406, gcTime=0, gcCount=0}
2025-11-19 15:38:15.122+0000 WARN  [o.n.k.i.c.VmPauseMonitorComponent] Detected VM stop-the-world pause: {pauseTime=318, gcTime=0, gcCount=0}
2025-11-19 15:42:04.330+0000 WARN  [o.n.k.i.c.VmPauseMonitorComponent] Detected VM stop-the-world pause: {pauseTime=1760, gcTime=0, gcCount=0}
2025-11-19 17:27:09.580+0000 WARN  [o.n.k.i.c.VmPauseMonitorComponent] Detected VM stop-the-world pause: {pauseTime=1144, gcTime=0, gcCount=0}
2025-11-19 17:45:49.991+0000 WARN  [o.n.k.i.c.VmPauseMonitorComponent] Detected VM stop-the-world pause: {pauseTime=904, gcTime=0, gcCount=0}
2025-11-19 18:49:16.911+0000 WARN  [o.n.k.i.c.VmPauseMonitorComponent] Detected VM stop-the-world pause: {pauseTime=1418, gcTime=0, gcCount=0}
2025-11-19 18:49:23.134+0000 WARN  [o.n.k.i.c.VmPauseMonitorComponent] Detected VM stop-the-world pause: {pauseTime=841, gcTime=0, gcCount=0}
2025-11-19 21:05:38.070+0000 WARN  [o.n.k.i.c.VmPauseMonitorComponent] Detected VM stop-the-world pause: {pauseTime=1411, gcTime=0, gcCount=0}
2025-11-19 22:21:24.285+0000 WARN  [o.n.k.i.c.VmPauseMonitorComponent] Detected VM stop-the-world pause: {pauseTime=754, gcTime=0, gcCount=0}
2025-11-19 22:45:48.389+0000 WARN  [o.n.k.i.c.VmPauseMonitorComponent] Detected VM stop-the-world pause: {pauseTime=223, gcTime=0, gcCount=0}
2025-11-20 01:56:15.050+0000 WARN  [o.n.k.i.c.VmPauseMonitorComponent] Detected VM stop-the-world pause: {pauseTime=1219, gcTime=0, gcCount=0}
2025-11-20 02:36:00.383+0000 WARN  [o.n.k.i.c.VmPauseMonitorComponent] Detected VM stop-the-world pause: {pauseTime=1320, gcTime=0, gcCount=0}
2025-11-20 05:50:45.374+0000 WARN  [o.n.k.i.c.VmPauseMonitorComponent] Detected VM stop-the-world pause: {pauseTime=1150, gcTime=0, gcCount=0}
2025-11-20 08:02:08.164+0000 WARN  [o.n.k.i.c.VmPauseMonitorComponent] Detected VM stop-the-world pause: {pauseTime=649, gcTime=0, gcCount=0}
2025-11-20 08:49:12.838+0000 WARN  [o.n.k.i.c.VmPauseMonitorComponent] Detected VM stop-the-world pause: {pauseTime=992, gcTime=0, gcCount=0}
2025-11-20 10:16:58.119+0000 WARN  [o.n.k.i.c.VmPauseMonitorComponent] Detected VM stop-the-world pause: {pauseTime=815, gcTime=0, gcCount=0}
2025-11-20 15:07:44.293+0000 WARN  [o.n.k.i.c.VmPauseMonitorComponent] Detected VM stop-the-world pause: {pauseTime=1131, gcTime=0, gcCount=0}
2025-11-20 16:17:15.476+0000 WARN  [o.n.k.i.c.VmPauseMonitorComponent] Detected VM stop-the-world pause: {pauseTime=1207, gcTime=0, gcCount=0}
2025-11-20 16:17:23.836+0000 WARN  [o.n.k.i.c.VmPauseMonitorComponent] Detected VM stop-the-world pause: {pauseTime=1000, gcTime=0, gcCount=0}
2025-11-20 16:32:48.086+0000 WARN  [o.n.k.i.c.VmPauseMonitorComponent] Detected VM stop-the-world pause: {pauseTime=1156, gcTime=0, gcCount=0}
2025-11-20 16:51:00.536+0000 WARN  [o.n.k.i.c.VmPauseMonitorComponent] Detected VM stop-the-world pause: {pauseTime=321, gcTime=0, gcCount=0}
2025-11-20 19:12:27.782+0000 WARN  [o.n.k.i.c.VmPauseMonitorComponent] Detected VM stop-the-world pause: {pauseTime=883, gcTime=0, gcCount=0}
2025-11-20 23:39:03.148+0000 WARN  [o.n.k.i.c.VmPauseMonitorComponent] Detected VM stop-the-world pause: {pauseTime=765, gcTime=0, gcCount=0}
2025-11-21 00:00:52.947+0000 WARN  [o.n.k.i.c.VmPauseMonitorComponent] Detected VM stop-the-world pause: {pauseTime=835, gcTime=0, gcCount=0}
2025-11-21 00:15:27.934+0000 WARN  [o.n.k.i.c.VmPauseMonitorComponent] Detected VM stop-the-world pause: {pauseTime=1136, gcTime=0, gcCount=0}
2025-11-21 00:29:05.681+0000 WARN  [o.n.k.i.c.VmPauseMonitorComponent] Detected VM stop-the-world pause: {pauseTime=236, gcTime=0, gcCount=0}
2025-11-21 16:37:28.552+0000 WARN  [o.n.k.i.c.VmPauseMonitorComponent] Detected VM stop-the-world pause: {pauseTime=1072, gcTime=0, gcCount=0}
2025-11-21 16:37:29.269+0000 WARN  [o.n.k.i.c.VmPauseMonitorComponent] Detected VM stop-the-world pause: {pauseTime=1149, gcTime=0, gcCount=0}
2025-11-21 22:40:10.507+0000 WARN  [o.n.k.i.c.VmPauseMonitorComponent] Detected VM stop-the-world pause: {pauseTime=1165, gcTime=0, gcCount=0}
2025-11-22 00:46:49.508+0000 WARN  [o.n.k.i.c.VmPauseMonitorComponent] Detected VM stop-the-world pause: {pauseTime=380, gcTime=0, gcCount=0}
2025-11-22 00:57:58.663+0000 WARN  [o.n.k.i.c.VmPauseMonitorComponent] Detected VM stop-the-world pause: {pauseTime=637, gcTime=0, gcCount=0}
2025-11-22 00:58:04.670+0000 WARN  [o.n.k.i.c.VmPauseMonitorComponent] Detected VM stop-the-world pause: {pauseTime=622, gcTime=0, gcCount=0}
2025-11-22 07:19:17.220+0000 WARN  [o.n.k.i.c.VmPauseMonitorComponent] Detected VM stop-the-world pause: {pauseTime=806, gcTime=0, gcCount=0}
2025-11-22 09:19:24.608+0000 WARN  [o.n.k.i.c.VmPauseMonitorComponent] Detected VM stop-the-world pause: {pauseTime=396, gcTime=0, gcCount=0}
2025-11-22 10:36:33.712+0000 WARN  [o.n.k.i.c.VmPauseMonitorComponent] Detected VM stop-the-world pause: {pauseTime=1022, gcTime=0, gcCount=0}
2025-11-22 10:36:33.936+0000 WARN  [o.n.k.i.c.VmPauseMonitorComponent] Detected VM stop-the-world pause: {pauseTime=214, gcTime=0, gcCount=0}
2025-11-22 12:33:16.831+0000 WARN  [o.n.k.i.c.VmPauseMonitorComponent] Detected VM stop-the-world pause: {pauseTime=783, gcTime=0, gcCount=0}
2025-11-22 12:33:17.072+0000 WARN  [o.n.k.i.c.VmPauseMonitorComponent] Detected VM stop-the-world pause: {pauseTime=217, gcTime=0, gcCount=0}
2025-11-22 12:33:25.874+0000 WARN  [o.n.k.i.c.VmPauseMonitorComponent] Detected VM stop-the-world pause: {pauseTime=1087, gcTime=0, gcCount=0}
2025-11-22 13:29:44.174+0000 WARN  [o.n.k.i.c.VmPauseMonitorComponent] Detected VM stop-the-world pause: {pauseTime=408, gcTime=0, gcCount=0}
2025-11-22 13:31:59.460+0000 WARN  [o.n.k.i.c.VmPauseMonitorComponent] Detected VM stop-the-world pause: {pauseTime=1211, gcTime=0, gcCount=0}
2025-11-22 14:08:58.305+0000 WARN  [o.n.k.i.c.VmPauseMonitorComponent] Detected VM stop-the-world pause: {pauseTime=1097, gcTime=0, gcCount=0}
2025-11-22 14:09:16.560+0000 WARN  [o.n.k.i.c.VmPauseMonitorComponent] Detected VM stop-the-world pause: {pauseTime=995, gcTime=0, gcCount=0}
2025-11-22 15:02:28.521+0000 WARN  [o.n.k.i.c.VmPauseMonitorComponent] Detected VM stop-the-world pause: {pauseTime=540, gcTime=0, gcCount=0}
2025-11-22 16:12:09.630+0000 WARN  [o.n.k.i.c.VmPauseMonitorComponent] Detected VM stop-the-world pause: {pauseTime=755, gcTime=0, gcCount=0}
2025-11-22 16:47:48.966+0000 WARN  [o.n.k.i.c.VmPauseMonitorComponent] Detected VM stop-the-world pause: {pauseTime=991, gcTime=0, gcCount=0}
2025-11-22 17:09:09.980+0000 WARN  [o.n.k.i.c.VmPauseMonitorComponent] Detected VM stop-the-world pause: {pauseTime=1148, gcTime=1244, gcCount=1}
2025-11-22 20:12:14.354+0000 WARN  [o.n.k.i.c.VmPauseMonitorComponent] Detected VM stop-the-world pause: {pauseTime=333, gcTime=0, gcCount=0}
2025-11-22 20:47:03.970+0000 WARN  [o.n.k.i.c.VmPauseMonitorComponent] Detected VM stop-the-world pause: {pauseTime=1199, gcTime=0, gcCount=0}
2025-11-22 20:47:04.661+0000 WARN  [o.n.k.i.c.VmPauseMonitorComponent] Detected VM stop-the-world pause: {pauseTime=505, gcTime=0, gcCount=0}
2025-11-22 22:32:18.074+0000 WARN  [o.n.k.i.c.VmPauseMonitorComponent] Detected VM stop-the-world pause: {pauseTime=461, gcTime=0, gcCount=0}
2025-11-22 22:45:48.353+0000 WARN  [o.n.k.i.c.VmPauseMonitorComponent] Detected VM stop-the-world pause: {pauseTime=1111, gcTime=0, gcCount=0}
2025-11-23 01:36:16.409+0000 WARN  [o.n.k.i.c.VmPauseMonitorComponent] Detected VM stop-the-world pause: {pauseTime=1367, gcTime=0, gcCount=0}
2025-11-23 06:29:34.857+0000 WARN  [o.n.k.i.c.VmPauseMonitorComponent] Detected VM stop-the-world pause: {pauseTime=459, gcTime=0, gcCount=0}
2025-11-23 08:22:28.666+0000 WARN  [o.n.k.i.c.VmPauseMonitorComponent] Detected VM stop-the-world pause: {pauseTime=981, gcTime=0, gcCount=0}
2025-11-23 09:06:13.569+0000 WARN  [o.n.k.i.c.VmPauseMonitorComponent] Detected VM stop-the-world pause: {pauseTime=778, gcTime=0, gcCount=0}
2025-11-23 10:10:21.794+0000 WARN  [o.n.k.i.c.VmPauseMonitorComponent] Detected VM stop-the-world pause: {pauseTime=267, gcTime=0, gcCount=0}
2025-11-23 14:06:29.735+0000 WARN  [o.n.k.i.c.VmPauseMonitorComponent] Detected VM stop-the-world pause: {pauseTime=1038, gcTime=0, gcCount=0}
2025-11-23 14:06:30.015+0000 WARN  [o.n.k.i.c.VmPauseMonitorComponent] Detected VM stop-the-world pause: {pauseTime=219, gcTime=0, gcCount=0}
2025-11-23 14:20:05.730+0000 WARN  [o.n.k.i.c.VmPauseMonitorComponent] Detected VM stop-the-world pause: {pauseTime=680, gcTime=0, gcCount=0}
2025-11-23 14:34:39.984+0000 WARN  [o.n.k.i.c.VmPauseMonitorComponent] Detected VM stop-the-world pause: {pauseTime=1316, gcTime=0, gcCount=0}
2025-11-23 15:56:03.427+0000 WARN  [o.n.k.i.c.VmPauseMonitorComponent] Detected VM stop-the-world pause: {pauseTime=1026, gcTime=0, gcCount=0}
2025-11-23 16:46:11.256+0000 WARN  [o.n.k.i.c.VmPauseMonitorComponent] Detected VM stop-the-world pause: {pauseTime=589, gcTime=593, gcCount=1}
2025-11-23 17:11:01.766+0000 WARN  [o.n.k.i.c.VmPauseMonitorComponent] Detected VM stop-the-world pause: {pauseTime=688, gcTime=0, gcCount=0}
2025-11-23 17:11:02.130+0000 WARN  [o.n.k.i.c.VmPauseMonitorComponent] Detected VM stop-the-world pause: {pauseTime=354, gcTime=0, gcCount=0}
2025-11-23 17:26:42.381+0000 WARN  [o.n.k.i.c.VmPauseMonitorComponent] Detected VM stop-the-world pause: {pauseTime=294, gcTime=0, gcCount=0}
2025-11-23 19:10:06.782+0000 WARN  [o.n.k.i.c.VmPauseMonitorComponent] Detected VM stop-the-world pause: {pauseTime=414, gcTime=0, gcCount=0}
2025-11-23 20:47:57.981+0000 WARN  [o.n.k.i.c.VmPauseMonitorComponent] Detected VM stop-the-world pause: {pauseTime=259, gcTime=0, gcCount=0}
2025-11-23 20:47:58.403+0000 WARN  [o.n.k.i.c.VmPauseMonitorComponent] Detected VM stop-the-world pause: {pauseTime=334, gcTime=0, gcCount=0}
2025-11-23 23:11:24.357+0000 WARN  [o.n.k.i.c.VmPauseMonitorComponent] Detected VM stop-the-world pause: {pauseTime=205, gcTime=373, gcCount=1}
2025-11-24 08:00:21.126+0000 WARN  [o.n.k.i.c.VmPauseMonitorComponent] Detected VM stop-the-world pause: {pauseTime=365, gcTime=0, gcCount=0}
2025-11-24 08:24:50.843+0000 WARN  [o.n.k.i.c.VmPauseMonitorComponent] Detected VM stop-the-world pause: {pauseTime=1048, gcTime=0, gcCount=0}
2025-11-24 09:02:09.633+0000 WARN  [o.n.k.i.c.VmPauseMonitorComponent] Detected VM stop-the-world pause: {pauseTime=1376, gcTime=0, gcCount=0}
2025-11-24 09:22:04.980+0000 WARN  [o.n.k.i.c.VmPauseMonitorComponent] Detected VM stop-the-world pause: {pauseTime=406, gcTime=0, gcCount=0}
2025-11-24 13:34:09.914+0000 WARN  [o.n.k.i.c.VmPauseMonitorComponent] Detected VM stop-the-world pause: {pauseTime=1111, gcTime=0, gcCount=0}
2025-11-24 13:34:17.712+0000 WARN  [o.n.k.i.c.VmPauseMonitorComponent] Detected VM stop-the-world pause: {pauseTime=438, gcTime=0, gcCount=0}
2025-11-24 15:58:05.074+0000 WARN  [o.n.k.i.c.VmPauseMonitorComponent] Detected VM stop-the-world pause: {pauseTime=1221, gcTime=0, gcCount=0}
2025-11-24 15:58:11.422+0000 WARN  [o.n.k.i.c.VmPauseMonitorComponent] Detected VM stop-the-world pause: {pauseTime=1056, gcTime=0, gcCount=0}
2025-11-24 17:48:31.180+0000 WARN  [o.n.k.i.c.VmPauseMonitorComponent] Detected VM stop-the-world pause: {pauseTime=426, gcTime=0, gcCount=0}
2025-11-24 17:48:31.463+0000 WARN  [o.n.k.i.c.VmPauseMonitorComponent] Detected VM stop-the-world pause: {pauseTime=565, gcTime=0, gcCount=0}
2025-11-24 18:26:13.943+0000 WARN  [o.n.k.i.c.VmPauseMonitorComponent] Detected VM stop-the-world pause: {pauseTime=317, gcTime=0, gcCount=0}
2025-11-24 22:45:48.683+0000 WARN  [o.n.k.i.c.VmPauseMonitorComponent] Detected VM stop-the-world pause: {pauseTime=1308, gcTime=0, gcCount=0}
2025-11-25 01:11:19.475+0000 WARN  [o.n.k.i.c.VmPauseMonitorComponent] Detected VM stop-the-world pause: {pauseTime=428, gcTime=0, gcCount=0}
2025-11-25 03:06:40.117+0000 WARN  [o.n.k.i.c.VmPauseMonitorComponent] Detected VM stop-the-world pause: {pauseTime=1031, gcTime=0, gcCount=0}
2025-11-25 03:06:40.367+0000 WARN  [o.n.k.i.c.VmPauseMonitorComponent] Detected VM stop-the-world pause: {pauseTime=222, gcTime=0, gcCount=0}
2025-11-25 03:06:47.913+0000 WARN  [o.n.k.i.c.VmPauseMonitorComponent] Detected VM stop-the-world pause: {pauseTime=407, gcTime=0, gcCount=0}
2025-11-25 03:06:59.626+0000 WARN  [o.n.k.i.c.VmPauseMonitorComponent] Detected VM stop-the-world pause: {pauseTime=1041, gcTime=0, gcCount=0}
2025-11-25 04:15:04.575+0000 WARN  [o.n.k.i.c.VmPauseMonitorComponent] Detected VM stop-the-world pause: {pauseTime=1206, gcTime=0, gcCount=0}
2025-11-25 04:15:04.824+0000 WARN  [o.n.k.i.c.VmPauseMonitorComponent] Detected VM stop-the-world pause: {pauseTime=605, gcTime=0, gcCount=0}
2025-11-25 05:14:28.463+0000 WARN  [o.n.k.i.c.VmPauseMonitorComponent] Detected VM stop-the-world pause: {pauseTime=694, gcTime=0, gcCount=0}
2025-11-25 05:14:28.774+0000 WARN  [o.n.k.i.c.VmPauseMonitorComponent] Detected VM stop-the-world pause: {pauseTime=232, gcTime=0, gcCount=0}
2025-11-25 05:14:39.860+0000 WARN  [o.n.k.i.c.VmPauseMonitorComponent] Detected VM stop-the-world pause: {pauseTime=485, gcTime=0, gcCount=0}
2025-11-25 07:46:33.057+0000 WARN  [o.n.k.i.c.VmPauseMonitorComponent] Detected VM stop-the-world pause: {pauseTime=734, gcTime=0, gcCount=0}
2025-11-25 07:46:40.920+0000 WARN  [o.n.k.i.c.VmPauseMonitorComponent] Detected VM stop-the-world pause: {pauseTime=457, gcTime=0, gcCount=0}
2025-11-25 08:39:44.034+0000 WARN  [o.n.k.i.c.VmPauseMonitorComponent] Detected VM stop-the-world pause: {pauseTime=610, gcTime=0, gcCount=0}
2025-11-25 08:39:52.351+0000 WARN  [o.n.k.i.c.VmPauseMonitorComponent] Detected VM stop-the-world pause: {pauseTime=939, gcTime=0, gcCount=0}
2025-11-25 09:37:22.091+0000 WARN  [o.n.k.i.c.VmPauseMonitorComponent] Detected VM stop-the-world pause: {pauseTime=891, gcTime=0, gcCount=0}
2025-11-25 09:37:37.753+0000 WARN  [o.n.k.i.c.VmPauseMonitorComponent] Detected VM stop-the-world pause: {pauseTime=1021, gcTime=0, gcCount=0}
2025-11-25 09:37:46.043+0000 WARN  [o.n.k.i.c.VmPauseMonitorComponent] Detected VM stop-the-world pause: {pauseTime=893, gcTime=0, gcCount=0}
2025-11-25 09:38:14.428+0000 WARN  [o.n.k.i.c.VmPauseMonitorComponent] Detected VM stop-the-world pause: {pauseTime=875, gcTime=0, gcCount=0}
2025-11-25 09:38:22.584+0000 WARN  [o.n.k.i.c.VmPauseMonitorComponent] Detected VM stop-the-world pause: {pauseTime=819, gcTime=0, gcCount=0}
2025-11-25 09:39:39.438+0000 WARN  [o.n.k.i.c.VmPauseMonitorComponent] Detected VM stop-the-world pause: {pauseTime=1055, gcTime=0, gcCount=0}
2025-11-25 09:39:39.738+0000 WARN  [o.n.k.i.c.VmPauseMonitorComponent] Detected VM stop-the-world pause: {pauseTime=503, gcTime=0, gcCount=0}
2025-11-25 10:29:02.229+0000 WARN  [o.n.k.i.c.VmPauseMonitorComponent] Detected VM stop-the-world pause: {pauseTime=1739, gcTime=0, gcCount=0}
2025-11-25 10:29:02.510+0000 WARN  [o.n.k.i.c.VmPauseMonitorComponent] Detected VM stop-the-world pause: {pauseTime=310, gcTime=0, gcCount=0}
2025-11-25 10:29:21.181+0000 WARN  [o.n.k.i.c.VmPauseMonitorComponent] Detected VM stop-the-world pause: {pauseTime=795, gcTime=0, gcCount=0}
2025-11-25 10:33:12.876+0000 WARN  [o.n.k.i.c.VmPauseMonitorComponent] Detected VM stop-the-world pause: {pauseTime=214, gcTime=0, gcCount=0}
